source_page,raw_href,normalised,flag,anchor
/,https://joinsnooze.com/products/communities/v2/snooze,/products/communities/v2/snooze,non_www,Snooze Village
/,https://www.sleepconcierge.com.au/offers/4zHPSRCs,/offers/4zhpsrcs,old_domain:sleepconcierge.com.au,Book a Consultation
/3-4-month-baby-sleep-course,https://joinsnooze.com/5-12-month-baby-sleep-course,/5-12-month-baby-sleep-course,non_www,5-12 Month Course
/3-4-month-baby-sleep-course,https://joinsnooze.com/newborn-sleep-guide,/newborn-sleep-guide,non_www,Newborn Sleep Guide
/3-4-month-baby-sleep-course,https://joinsnooze.com/offers/W2PyqL2X/checkout,/offers/w2pyql2x/checkout,non_www,Purchase Course
/3-4-month-baby-sleep-course,https://joinsnooze.com/products/communities/v2/snooze/library,/products/communities/v2/snooze/library,non_www,Sleep Library
/3-4-month-baby-sleep-course,https://joinsnooze.com/toddler-toolkit,/toddler-toolkit,non_www,Toddler Toolkit
/3-4-month-baby-sleep-course,https://www.sleepconcierge.com.au/offers/4zHPSRCs,/offers/4zhpsrcs,old_domain:sleepconcierge.com.au,Book a Consultation
/3-4-month-baby-sleep-course,https://www.sleepconcierge.com.au/products/communities/v2/snooze,/products/communities/v2/snooze,old_domain:sleepconcierge.com.au,Snooze Village
/3-4-month-baby-sleep-help,https://joinsnooze.com/3-4-month-baby-sleep-help,/3-4-month-baby-sleep-help,non_www,View 3-4 Month Guide
/3-4-month-baby-sleep-help,https://joinsnooze.com/5-12-month-baby-sleep-help,/5-12-month-baby-sleep-help,non_www,View 5-12 Month Guide
/3-4-month-baby-sleep-help,https://joinsnooze.com/newborn-baby-sleep-help,/newborn-baby-sleep-help,non_www,View Newborn Guide
/3-4-month-baby-sleep-help,https://joinsnooze.com/products/communities/v2/snooze,/products/communities/v2/snooze,non_www,Snooze Village
/3-4-month-baby-sleep-help,https://joinsnooze.com/toddler-sleep-help,/toddler-sleep-help,non_www,View Toddler Guide
/3-4-month-baby-sleep-help,https://www.sleepconcierge.com.au/3-4-month-baby-sleep-help,/3-4-month-baby-sleep-help,old_domain:sleepconcierge.com.au,View 3-4 Month Guide
/3-4-month-baby-sleep-help,https://www.sleepconcierge.com.au/5-12-month-baby-sleep-help,/5-12-month-baby-sleep-help,old_domain:sleepconcierge.com.au,View 5-12 Month Guide
/3-4-month-baby-sleep-help,https://www.sleepconcierge.com.au/newborn-baby-sleep-help,/newborn-baby-sleep-help,old_domain:sleepconcierge.com.au,View Newborn Guide
/3-4-month-baby-sleep-help,https://www.sleepconcierge.com.au/offers/4zHPSRCs,/offers/4zhpsrcs,old_domain:sleepconcierge.com.au,Book a Consultation
/3-4-month-baby-sleep-help,https://www.sleepconcierge.com.au/offers/6iRarwak/checkout,/offers/6irarwak/checkout,old_domain:sleepconcierge.com.au,Join Snooze
/3-4-month-baby-sleep-help,https://www.sleepconcierge.com.au/products/communities/v2/snooze,/products/communities/v2/snooze,old_domain:sleepconcierge.com.au,Snooze Village
/3-4-month-baby-sleep-help,https://www.sleepconcierge.com.au/toddler-sleep-help,/toddler-sleep-help,old_domain:sleepconcierge.com.au,View Toddler Guide
/5-12-month-baby-sleep-course,https://joinsnooze.com/3-4-month-baby-sleep-course,/3-4-month-baby-sleep-course,non_www,3-4 Month Course
/5-12-month-baby-sleep-course,https://joinsnooze.com/newborn-sleep-guide,/newborn-sleep-guide,non_www,Newborn Sleep Guide
/5-12-month-baby-sleep-course,https://joinsnooze.com/offers/9DFJSwVD/checkout,/offers/9dfjswvd/checkout,non_www,Purchase Course
/5-12-month-baby-sleep-course,https://joinsnooze.com/products/communities/v2/snooze/library,/products/communities/v2/snooze/library,non_www,Sleep Library
/5-12-month-baby-sleep-course,https://joinsnooze.com/toddler-toolkit,/toddler-toolkit,non_www,Toddler Toolkit
/5-12-month-baby-sleep-course,https://www.sleepconcierge.com.au/offers/4zHPSRCs,/offers/4zhpsrcs,old_domain:sleepconcierge.com.au,Book a Consultation
/5-12-month-baby-sleep-course,https://www.sleepconcierge.com.au/products/communities/v2/snooze,/products/communities/v2/snooze,old_domain:sleepconcierge.com.au,Snooze Village
/5-12-month-baby-sleep-help,https://joinsnooze.com/3-4-month-baby-sleep-help,/3-4-month-baby-sleep-help,non_www,View 3-4 Month Guide
/5-12-month-baby-sleep-help,https://joinsnooze.com/5-12-month-baby-sleep-help,/5-12-month-baby-sleep-help,non_www,View 5-12 Month Guide
/5-12-month-baby-sleep-help,https://joinsnooze.com/newborn-baby-sleep-help,/newborn-baby-sleep-help,non_www,View Newborn Guide
/5-12-month-baby-sleep-help,https://joinsnooze.com/toddler-sleep-help,/toddler-sleep-help,non_www,View Toddler Guide
/5-12-month-baby-sleep-help,https://www.sleepconcierge.com.au/offers/4zHPSRCs,/offers/4zhpsrcs,old_domain:sleepconcierge.com.au,Book a Consultation
/5-12-month-baby-sleep-help,https://www.sleepconcierge.com.au/products/communities/v2/snooze,/products/communities/v2/snooze,old_domain:sleepconcierge.com.au,Snooze Village
/about,https://joinsnooze.com/products/communities/v2/snooze,/products/communities/v2/snooze,non_www,Snooze Village
/about,https://www.sleepconcierge.com.au/offers/4zHPSRCs,/offers/4zhpsrcs,old_domain:sleepconcierge.com.au,Book a Consultation
/about-sally,https://www.sleepconcierge.com.au/offers/4zHPSRCs,/offers/4zhpsrcs,old_domain:sleepconcierge.com.au,Book a Consultation
/about-sally,https://www.sleepconcierge.com.au/products/communities/v2/snooze,/products/communities/v2/snooze,old_domain:sleepconcierge.com.au,Snooze Village
/account,https://www.sleepconcierge.com.au/offers/4zHPSRCs,/offers/4zhpsrcs,old_domain:sleepconcierge.com.au,Book a Consultation
/author/sally-woods,https://joinsnooze.com/products/communities/v2/snooze,/products/communities/v2/snooze,non_www,Snooze Village
/author/sally-woods,https://www.sleepconcierge.com.au/offers/4zHPSRCs,/offers/4zhpsrcs,old_domain:sleepconcierge.com.au,Book a Consultation
/blog,https://www.sleepconcierge.com.au/blog/my-snoo-review,/blog/my-snoo-review,old_domain:sleepconcierge.com.au,previous blog on the Snoo
/blog,https://www.sleepconcierge.com.au/offers/4zHPSRCs,/offers/4zhpsrcs,old_domain:sleepconcierge.com.au,Book a Consultation
/blog/4-month-regression-or-progression,https://www.sleepconcierge.com.au/3-4-month-baby-sleep-course,/3-4-month-baby-sleep-course,old_domain:sleepconcierge.com.au,The 3-4 Month Baby Sleep Course
/blog/4-month-regression-or-progression,https://www.sleepconcierge.com.au/author/sally-woods,/author/sally-woods,old_domain:sleepconcierge.com.au,
/blog/4-month-regression-or-progression,https://www.sleepconcierge.com.au/blog/guide-to-self-settling-sleep-cycles,/blog/guide-to-self-settling-sleep-cycles,old_domain:sleepconcierge.com.au,"guide to self-settling, joining sleep cycles & consistent sc"
/blog/4-month-regression-or-progression,https://www.sleepconcierge.com.au/blog/how-to-make-change-when-the-4-month-sleep-regressions-hits,/blog/how-to-make-change-when-the-4-month-sleep-regressions-hits,old_domain:sleepconcierge.com.au,How to make change when the 4 month sleep regressions hits
/blog/4-month-regression-or-progression,https://www.sleepconcierge.com.au/offers/4zHPSRCs,/offers/4zhpsrcs,old_domain:sleepconcierge.com.au,Book a Consultation
/blog/7-tips-for-maintaining-you-babys-sleep-while-travelling,https://www.sleepconcierge.com.au/author/sally-woods,/author/sally-woods,old_domain:sleepconcierge.com.au,
/blog/7-tips-for-maintaining-you-babys-sleep-while-travelling,https://www.sleepconcierge.com.au/blog/glow-dreaming-white-noise-review,/blog/glow-dreaming-white-noise-review,old_domain:sleepconcierge.com.au,Why pink noise machine is must-have stuff?
/blog/7-tips-for-maintaining-you-babys-sleep-while-travelling,https://www.sleepconcierge.com.au/offers/4zHPSRCs,/offers/4zhpsrcs,old_domain:sleepconcierge.com.au,Book a Consultation
/blog/7-tips-for-maintaining-you-babys-sleep-while-travelling,https://www.sleepconcierge.com.au/offers/4zHPSRCs/checkout,/offers/4zhpsrcs/checkout,old_domain:sleepconcierge.com.au,You can book a call with me
/blog/all-about-the-8-10-month-sleep-regression,https://www.sleepconcierge.com.au/author/sally-woods,/author/sally-woods,old_domain:sleepconcierge.com.au,
/blog/all-about-the-8-10-month-sleep-regression,https://www.sleepconcierge.com.au/offers/4zHPSRCs,/offers/4zhpsrcs,old_domain:sleepconcierge.com.au,Book a Consultation
/blog/all-about-the-8-10-month-sleep-regression,https://www.sleepconcierge.com.au/offers/4zHPSRCs/checkout,/offers/4zhpsrcs/checkout,old_domain:sleepconcierge.com.au,Book a call to stop your baby's sleep regression
/blog/all-about-the-8-10-month-sleep-regression,https://www.sleepconcierge.com.au/product/5-12-Month-Baby-Sleep-Guide,/product/5-12-month-baby-sleep-guide,old_domain:sleepconcierge.com.au,to 12 months baby sleep guide
/blog/baby-catnaps-tips-guide,https://www.sleepconcierge.com.au/author/sally-woods,/author/sally-woods,old_domain:sleepconcierge.com.au,
/blog/baby-catnaps-tips-guide,https://www.sleepconcierge.com.au/blog/guide-to-self-settling-sleep-cycles,/blog/guide-to-self-settling-sleep-cycles,old_domain:sleepconcierge.com.au,"Self-Settling, Joining Sleep Cycles, and Consistent Schedule"
/blog/baby-catnaps-tips-guide,https://www.sleepconcierge.com.au/offers/4zHPSRCs,/offers/4zhpsrcs,old_domain:sleepconcierge.com.au,Schedule a 1:1 call with me to help you
/blog/baby-catnaps-tips-guide,https://www.sleepconcierge.com.au/product/catnapping-guide-free,/product/catnapping-guide-free,old_domain:sleepconcierge.com.au,this downloadable gem
/blog/baby-catnaps-tips-guide,https://www.sleepconcierge.com.au/recommended-products,/recommended-products,old_domain:sleepconcierge.com.au,Recommended products
/blog/baby-sleep-schedule-wake-windows-vs-clock-schedules,https://www.sleepconcierge.com.au/about,/about,old_domain:sleepconcierge.com.au,Learn more about me
/blog/baby-sleep-schedule-wake-windows-vs-clock-schedules,https://www.sleepconcierge.com.au/author/sally-woods,/author/sally-woods,old_domain:sleepconcierge.com.au,
/blog/baby-sleep-schedule-wake-windows-vs-clock-schedules,https://www.sleepconcierge.com.au/blog/guide-to-self-settling-sleep-cycles,/blog/guide-to-self-settling-sleep-cycles,old_domain:sleepconcierge.com.au,"Self-Settling, Joining Sleep Cycles, and Consistent Schedule"
/blog/baby-sleep-schedule-wake-windows-vs-clock-schedules,https://www.sleepconcierge.com.au/blog/tips-for-managing-baby-early-wake-ups,/blog/tips-for-managing-baby-early-wake-ups,old_domain:sleepconcierge.com.au,Help your baby to avoid waking up early.
/blog/baby-sleep-schedule-wake-windows-vs-clock-schedules,https://www.sleepconcierge.com.au/offers/4zHPSRCs,/offers/4zhpsrcs,old_domain:sleepconcierge.com.au,Schedule a call with me
/blog/baby-sleep-schedule-wake-windows-vs-clock-schedules,https://www.sleepconcierge.com.au/recommended-products,/recommended-products,old_domain:sleepconcierge.com.au,recommend these products
/blog/babyzen-yoyo-travel-stroller-review-you-can-stop-googling-now-this-is-the-stroller-for-you,https://www.sleepconcierge.com.au/author/sally-woods,/author/sally-woods,old_domain:sleepconcierge.com.au,
/blog/babyzen-yoyo-travel-stroller-review-you-can-stop-googling-now-this-is-the-stroller-for-you,https://www.sleepconcierge.com.au/blog/7-tips-for-maintaining-you-babys-sleep-while-travelling,/blog/7-tips-for-maintaining-you-babys-sleep-while-travelling,old_domain:sleepconcierge.com.au,7 tips to maintain your baby's sleep while traveling
/blog/babyzen-yoyo-travel-stroller-review-you-can-stop-googling-now-this-is-the-stroller-for-you,https://www.sleepconcierge.com.au/offers/4zHPSRCs,/offers/4zhpsrcs,old_domain:sleepconcierge.com.au,call me
/blog/create-meaningful-morning-rituals-for-baby,https://www.sleepconcierge.com.au/author/sally-woods,/author/sally-woods,old_domain:sleepconcierge.com.au,
/blog/create-meaningful-morning-rituals-for-baby,https://www.sleepconcierge.com.au/blog/tips-for-managing-baby-early-wake-ups,/blog/tips-for-managing-baby-early-wake-ups,old_domain:sleepconcierge.com.au,Help your baby to early wake-ups
/blog/create-meaningful-morning-rituals-for-baby,https://www.sleepconcierge.com.au/offers/4zHPSRCs,/offers/4zhpsrcs,old_domain:sleepconcierge.com.au,Ready for a call?
/blog/create-meaningful-morning-rituals-for-baby,https://www.sleepconcierge.com.au/recommended-products,/recommended-products,old_domain:sleepconcierge.com.au,these products as daily drivers
/blog/cubo-ai-smart-baby-monitor-review-with-discount,https://www.sleepconcierge.com.au/author/sally-woods,/author/sally-woods,old_domain:sleepconcierge.com.au,
/blog/cubo-ai-smart-baby-monitor-review-with-discount,https://www.sleepconcierge.com.au/blog/should-we-discourage-babys-thumb-and-finger-sucking,/blog/should-we-discourage-babys-thumb-and-finger-sucking,old_domain:sleepconcierge.com.au,Should we discourage our baby's thumb and finger sucking?
/blog/cubo-ai-smart-baby-monitor-review-with-discount,https://www.sleepconcierge.com.au/blog/tips-for-managing-baby-early-wake-ups,/blog/tips-for-managing-baby-early-wake-ups,old_domain:sleepconcierge.com.au,Tips to help your baby sleep longer and avoid early wake ups
/blog/cubo-ai-smart-baby-monitor-review-with-discount,https://www.sleepconcierge.com.au/offers/4zHPSRCs,/offers/4zhpsrcs,old_domain:sleepconcierge.com.au,Book a Consultation
/blog/developing-positive-cot-association-with-your-baby,https://www.sleepconcierge.com.au/author/sally-woods,/author/sally-woods,old_domain:sleepconcierge.com.au,
/blog/developing-positive-cot-association-with-your-baby,https://www.sleepconcierge.com.au/offers/4zHPSRCs,/offers/4zhpsrcs,old_domain:sleepconcierge.com.au,Book a Consultation
/blog/dr-harvey-karps-5-ss-to-soothe-your-crying-baby,https://www.sleepconcierge.com.au/author/sally-woods,/author/sally-woods,old_domain:sleepconcierge.com.au,
/blog/dr-harvey-karps-5-ss-to-soothe-your-crying-baby,https://www.sleepconcierge.com.au/blog/my-snoo-review,/blog/my-snoo-review,old_domain:sleepconcierge.com.au,previous blog on the Snoo
/blog/dr-harvey-karps-5-ss-to-soothe-your-crying-baby,https://www.sleepconcierge.com.au/offers/4zHPSRCs,/offers/4zhpsrcs,old_domain:sleepconcierge.com.au,Book a Consultation
/blog/dressing-baby-for-bedtime,https://www.sleepconcierge.com.au/author/sally-woods,/author/sally-woods,old_domain:sleepconcierge.com.au,
/blog/dressing-baby-for-bedtime,https://www.sleepconcierge.com.au/blog/tips-for-managing-baby-early-wake-ups,/blog/tips-for-managing-baby-early-wake-ups,old_domain:sleepconcierge.com.au,avoid your baby's early wake-ups.
/blog/dressing-baby-for-bedtime,https://www.sleepconcierge.com.au/offers/4zHPSRCs,/offers/4zhpsrcs,old_domain:sleepconcierge.com.au,Book a Consultation
/blog/dressing-baby-for-bedtime,https://www.sleepconcierge.com.au/product/5-12-Month-Baby-Sleep-Guide,/product/5-12-month-baby-sleep-guide,old_domain:sleepconcierge.com.au,The Sleep Concierge's 5-12 Month Sleep Guide
/blog/glow-dreaming-white-noise-review,https://www.sleepconcierge.com.au/author/sally-woods,/author/sally-woods,old_domain:sleepconcierge.com.au,
/blog/glow-dreaming-white-noise-review,https://www.sleepconcierge.com.au/blog/guide-to-self-settling-sleep-cycles,/blog/guide-to-self-settling-sleep-cycles,old_domain:sleepconcierge.com.au,guide Self-Settling Schedules for Your Baby
/blog/glow-dreaming-white-noise-review,https://www.sleepconcierge.com.au/offers/4zHPSRCs,/offers/4zhpsrcs,old_domain:sleepconcierge.com.au,Book a Consultation
/blog/guide-to-self-settling-sleep-cycles,https://www.sleepconcierge.com.au/author/sally-woods,/author/sally-woods,old_domain:sleepconcierge.com.au,
/blog/guide-to-self-settling-sleep-cycles,https://www.sleepconcierge.com.au/blog/baby-sleep-schedule-wake-windows-vs-clock-schedules,/blog/baby-sleep-schedule-wake-windows-vs-clock-schedules,old_domain:sleepconcierge.com.au,Master your babyes sleep schedule
/blog/guide-to-self-settling-sleep-cycles,https://www.sleepconcierge.com.au/blog/tips-for-managing-baby-early-wake-ups,/blog/tips-for-managing-baby-early-wake-ups,old_domain:sleepconcierge.com.au,Tips to Help Your Baby Avoid Early Wake-Ups.
/blog/guide-to-self-settling-sleep-cycles,https://www.sleepconcierge.com.au/offers/4zHPSRCs,/offers/4zhpsrcs,old_domain:sleepconcierge.com.au,Book a Consultation
/blog/guide-to-self-settling-sleep-cycles,https://www.sleepconcierge.com.au/product/5-12-Month-Baby-Sleep-Guide,/product/5-12-month-baby-sleep-guide,old_domain:sleepconcierge.com.au,5–12 month sleep guide
/blog/how-to-do-skin-to-skin-without-breastfeeding,https://www.sleepconcierge.com.au/author/sally-woods,/author/sally-woods,old_domain:sleepconcierge.com.au,
/blog/how-to-do-skin-to-skin-without-breastfeeding,https://www.sleepconcierge.com.au/offers/4zHPSRCs,/offers/4zhpsrcs,old_domain:sleepconcierge.com.au,Book a call with me
/blog/how-to-make-change-when-the-4-month-sleep-regressions-hits,https://www.sleepconcierge.com.au/author/sally-woods,/author/sally-woods,old_domain:sleepconcierge.com.au,
/blog/how-to-make-change-when-the-4-month-sleep-regressions-hits,https://www.sleepconcierge.com.au/blog/guide-to-self-settling-sleep-cycles,/blog/guide-to-self-settling-sleep-cycles,old_domain:sleepconcierge.com.au,self-scheduling sleep for your baby
/blog/how-to-make-change-when-the-4-month-sleep-regressions-hits,https://www.sleepconcierge.com.au/blog/stop-4-month-babies-sleep-regression-fear,/blog/stop-4-month-babies-sleep-regression-fear,old_domain:sleepconcierge.com.au,Let’s stop the 4-month regression fear
/blog/how-to-make-change-when-the-4-month-sleep-regressions-hits,https://www.sleepconcierge.com.au/offers/4zHPSRCs,/offers/4zhpsrcs,old_domain:sleepconcierge.com.au,Schedule a call with me
/blog/how-to-make-change-when-the-4-month-sleep-regressions-hits,https://www.sleepconcierge.com.au/offers/omMcVgAi/checkout,/offers/ommcvgai/checkout,old_domain:sleepconcierge.com.au,Baby Sleep Guide – Newborn
/blog/how-to-make-change-when-the-4-month-sleep-regressions-hits,https://www.sleepconcierge.com.au/product/5-12-Month-Baby-Sleep-Guide,/product/5-12-month-baby-sleep-guide,old_domain:sleepconcierge.com.au,including downloadable sleep guides
/blog/how-to-make-change-when-the-4-month-sleep-regressions-hits,https://www.sleepconcierge.com.au/recommended-products,/recommended-products,old_domain:sleepconcierge.com.au,products to set up a successful sleep foundation
/blog/how-to-manage-your-babys-reflux-and-sleep,https://www.sleepconcierge.com.au/author/sally-woods,/author/sally-woods,old_domain:sleepconcierge.com.au,
/blog/how-to-manage-your-babys-reflux-and-sleep,https://www.sleepconcierge.com.au/offers/4zHPSRCs,/offers/4zhpsrcs,old_domain:sleepconcierge.com.au,Book a Consultation
/blog/how-to-manage-your-babys-reflux-and-sleep,https://www.sleepconcierge.com.au/recommended-products,/recommended-products,old_domain:sleepconcierge.com.au,The Snoo
/blog/my-honest-snoo-experience-and-review,https://www.sleepconcierge.com.au/author/sally-woods,/author/sally-woods,old_domain:sleepconcierge.com.au,
/blog/my-honest-snoo-experience-and-review,https://www.sleepconcierge.com.au/offers/4zHPSRCs,/offers/4zhpsrcs,old_domain:sleepconcierge.com.au,Book a Consultation
/blog/my-snoo-review,https://www.sleepconcierge.com.au/author/sally-woods,/author/sally-woods,old_domain:sleepconcierge.com.au,
/blog/my-snoo-review,https://www.sleepconcierge.com.au/offers/4zHPSRCs,/offers/4zhpsrcs,old_domain:sleepconcierge.com.au,Book a Consultation
/blog/mystery-of-missing-third-nap-early-rising,https://www.sleepconcierge.com.au/author/sally-woods,/author/sally-woods,old_domain:sleepconcierge.com.au,
/blog/mystery-of-missing-third-nap-early-rising,https://www.sleepconcierge.com.au/offers/4zHPSRCs,/offers/4zhpsrcs,old_domain:sleepconcierge.com.au,Book a Consultation
/blog/navigating-childcare-and-your-childs-sleep-routine,https://www.sleepconcierge.com.au/author/sally-woods,/author/sally-woods,old_domain:sleepconcierge.com.au,
/blog/navigating-childcare-and-your-childs-sleep-routine,https://www.sleepconcierge.com.au/blog/navigating-split-nights-a-guide-for-parents,/blog/navigating-split-nights-a-guide-for-parents,old_domain:sleepconcierge.com.au,Guide to Managing Split Nights in Babies
/blog/navigating-childcare-and-your-childs-sleep-routine,https://www.sleepconcierge.com.au/blog/transitioning-your-baby-from-2-naps-to-1,/blog/transitioning-your-baby-from-2-naps-to-1,old_domain:sleepconcierge.com.au,transition from two naps to one for your baby
/blog/navigating-childcare-and-your-childs-sleep-routine,https://www.sleepconcierge.com.au/offers/4zHPSRCs,/offers/4zhpsrcs,old_domain:sleepconcierge.com.au,Get an Expert's suggestion
/blog/navigating-childcare-and-your-childs-sleep-routine,https://www.sleepconcierge.com.au/one-on-one-sleep-consultations,/one-on-one-sleep-consultations,old_domain:sleepconcierge.com.au,a phone consultation with me
/blog/navigating-childcare-and-your-childs-sleep-routine,https://www.sleepconcierge.com.au/product/5-12-Month-Baby-Sleep-Guide,/product/5-12-month-baby-sleep-guide,old_domain:sleepconcierge.com.au,5-12 Month Sleep Guide
/blog/navigating-split-nights-a-guide-for-parents,https://www.sleepconcierge.com.au/3-4-month-baby-sleep-help,/3-4-month-baby-sleep-help,old_domain:sleepconcierge.com.au,Fourth Trimester
/blog/navigating-split-nights-a-guide-for-parents,https://www.sleepconcierge.com.au/author/sally-woods,/author/sally-woods,old_domain:sleepconcierge.com.au,
/blog/navigating-split-nights-a-guide-for-parents,https://www.sleepconcierge.com.au/blog/shifting-your-babys-bedtime-for-daylight-savings,/blog/shifting-your-babys-bedtime-for-daylight-savings,old_domain:sleepconcierge.com.au,Shifting Your Baby's Bedtime for Daylight Savings
/blog/navigating-split-nights-a-guide-for-parents,https://www.sleepconcierge.com.au/offers/4zHPSRCs,/offers/4zhpsrcs,old_domain:sleepconcierge.com.au,Ready for a 1:1 consultation
/blog/navigating-split-nights-a-guide-for-parents,https://www.sleepconcierge.com.au/product/5-12-Month-Baby-Sleep-Guide,/product/5-12-month-baby-sleep-guide,old_domain:sleepconcierge.com.au,5–12 Month Sleep Guides
/blog/newborn-babys-and-naps,https://www.sleepconcierge.com.au/author/sally-woods,/author/sally-woods,old_domain:sleepconcierge.com.au,
/blog/newborn-babys-and-naps,https://www.sleepconcierge.com.au/blog/stop-swaddle-time-for-your-baby,/blog/stop-swaddle-time-for-your-baby,old_domain:sleepconcierge.com.au,how you can reduce your baby's swadding time
/blog/newborn-babys-and-naps,https://www.sleepconcierge.com.au/offers/4zHPSRCs,/offers/4zhpsrcs,old_domain:sleepconcierge.com.au,a phone consultation with me
/blog/newborn-babys-and-naps,https://www.sleepconcierge.com.au/product/catnapping-guide-free,/product/catnapping-guide-free,old_domain:sleepconcierge.com.au,Get your FREE Catnapping Guide
/blog/newborn-sleep-and-the-fourth-trimester,https://www.sleepconcierge.com.au/author/sally-woods,/author/sally-woods,old_domain:sleepconcierge.com.au,
/blog/newborn-sleep-and-the-fourth-trimester,https://www.sleepconcierge.com.au/blog/glow-dreaming-white-noise-review,/blog/glow-dreaming-white-noise-review,old_domain:sleepconcierge.com.au,Why Pink Noise is a Must-Have in Your Nursery.
/blog/newborn-sleep-and-the-fourth-trimester,https://www.sleepconcierge.com.au/offers/4zHPSRCs,/offers/4zhpsrcs,old_domain:sleepconcierge.com.au,You can book a call
/blog/shifting-your-babys-bedtime-for-daylight-savings,https://www.sleepconcierge.com.au/author/sally-woods,/author/sally-woods,old_domain:sleepconcierge.com.au,
/blog/shifting-your-babys-bedtime-for-daylight-savings,https://www.sleepconcierge.com.au/offers/4zHPSRCs,/offers/4zhpsrcs,old_domain:sleepconcierge.com.au,Book a Consultation
/blog/should-we-discourage-babys-thumb-and-finger-sucking,https://www.sleepconcierge.com.au/author/sally-woods,/author/sally-woods,old_domain:sleepconcierge.com.au,
/blog/should-we-discourage-babys-thumb-and-finger-sucking,https://www.sleepconcierge.com.au/offers/4zHPSRCs,/offers/4zhpsrcs,old_domain:sleepconcierge.com.au,Book a Consultation
/blog/sick-babies-and-sleep,https://www.sleepconcierge.com.au/author/sally-woods,/author/sally-woods,old_domain:sleepconcierge.com.au,
/blog/sick-babies-and-sleep,https://www.sleepconcierge.com.au/offers/4zHPSRCs,/offers/4zhpsrcs,old_domain:sleepconcierge.com.au,You can 1:1 Consult with me
/blog/stop-4-month-babies-sleep-regression-fear,https://www.sleepconcierge.com.au/author/sally-woods,/author/sally-woods,old_domain:sleepconcierge.com.au,
/blog/stop-4-month-babies-sleep-regression-fear,https://www.sleepconcierge.com.au/blog/how-to-make-change-when-the-4-month-sleep-regressions-hits,/blog/how-to-make-change-when-the-4-month-sleep-regressions-hits,old_domain:sleepconcierge.com.au,Make changes when the baby's 4 months regression hits.
/blog/stop-4-month-babies-sleep-regression-fear,https://www.sleepconcierge.com.au/offers/4zHPSRCs,/offers/4zhpsrcs,old_domain:sleepconcierge.com.au,1:1 personalised support
/blog/stop-4-month-babies-sleep-regression-fear,https://www.sleepconcierge.com.au/product/5-12-Month-Baby-Sleep-Guide,/product/5-12-month-baby-sleep-guide,old_domain:sleepconcierge.com.au,Explore This guide to overcome struggles
/blog/stop-swaddle-time-for-your-baby,https://www.sleepconcierge.com.au/author/sally-woods,/author/sally-woods,old_domain:sleepconcierge.com.au,
/blog/stop-swaddle-time-for-your-baby,https://www.sleepconcierge.com.au/offers/4zHPSRCs,/offers/4zhpsrcs,old_domain:sleepconcierge.com.au,Book a Consultation
/blog/stop-swaddle-time-for-your-baby,https://www.sleepconcierge.com.au/product/5-12-Month-Baby-Sleep-Guide,/product/5-12-month-baby-sleep-guide,old_domain:sleepconcierge.com.au,5 to 12 months baby sleep guide
/blog/supporting-parents-of-rainbow-babies,https://www.sleepconcierge.com.au/author/sally-woods,/author/sally-woods,old_domain:sleepconcierge.com.au,
/blog/supporting-parents-of-rainbow-babies,https://www.sleepconcierge.com.au/offers/4zHPSRCs,/offers/4zhpsrcs,old_domain:sleepconcierge.com.au,Book a Consultation
/blog/the-power-of-calm-but-awake-for-babies,https://www.sleepconcierge.com.au/author/sally-woods,/author/sally-woods,old_domain:sleepconcierge.com.au,
/blog/the-power-of-calm-but-awake-for-babies,https://www.sleepconcierge.com.au/offers/4zHPSRCs,/offers/4zhpsrcs,old_domain:sleepconcierge.com.au,Join a call with me
/blog/the-power-of-calm-but-awake-for-babies,https://www.sleepconcierge.com.au/product/5-12-Month-Baby-Sleep-Guide,/product/5-12-month-baby-sleep-guide,old_domain:sleepconcierge.com.au,5-12 month sleep guide
/blog/tips-for-managing-baby-early-wake-ups,https://www.sleepconcierge.com.au/author/sally-woods,/author/sally-woods,old_domain:sleepconcierge.com.au,
/blog/tips-for-managing-baby-early-wake-ups,https://www.sleepconcierge.com.au/blog/guide-to-self-settling-sleep-cycles,/blog/guide-to-self-settling-sleep-cycles,old_domain:sleepconcierge.com.au,sleep cycles on their own
/blog/tips-for-managing-baby-early-wake-ups,https://www.sleepconcierge.com.au/blog/navigating-childcare-and-your-childs-sleep-routine,/blog/navigating-childcare-and-your-childs-sleep-routine,old_domain:sleepconcierge.com.au,childcare and child sleep care
/blog/tips-for-managing-baby-early-wake-ups,https://www.sleepconcierge.com.au/blog/stop-swaddle-time-for-your-baby,/blog/stop-swaddle-time-for-your-baby,old_domain:sleepconcierge.com.au,Stop your baby's swaddle time
/blog/tips-for-managing-baby-early-wake-ups,https://www.sleepconcierge.com.au/offers/4zHPSRCs,/offers/4zhpsrcs,old_domain:sleepconcierge.com.au,Book a Consultation
/blog/transitioning-your-baby-from-2-naps-to-1,https://www.sleepconcierge.com.au/5-12-month-baby-sleep-help,/5-12-month-baby-sleep-help,old_domain:sleepconcierge.com.au,12 to 24 months of baby sleep help
/blog/transitioning-your-baby-from-2-naps-to-1,https://www.sleepconcierge.com.au/author/sally-woods,/author/sally-woods,old_domain:sleepconcierge.com.au,
/blog/transitioning-your-baby-from-2-naps-to-1,https://www.sleepconcierge.com.au/offers/4zHPSRCs,/offers/4zhpsrcs,old_domain:sleepconcierge.com.au,give me a call to help your baby
/blog/what-are-assisted-sleep-associations,https://www.sleepconcierge.com.au/author/sally-woods,/author/sally-woods,old_domain:sleepconcierge.com.au,
/blog/what-are-assisted-sleep-associations,https://www.sleepconcierge.com.au/blog/dressing-baby-for-bedtime,/blog/dressing-baby-for-bedtime,old_domain:sleepconcierge.com.au,dress your baby for bedtime.
/blog/what-are-assisted-sleep-associations,https://www.sleepconcierge.com.au/blog/navigating-childcare-and-your-childs-sleep-routine,/blog/navigating-childcare-and-your-childs-sleep-routine,old_domain:sleepconcierge.com.au,Navigate your child's sleep routine
/blog/what-are-assisted-sleep-associations,https://www.sleepconcierge.com.au/offers/4zHPSRCs,/offers/4zhpsrcs,old_domain:sleepconcierge.com.au,Ready to grab a Call 1:1 with me?
/blog/when-to-lower-the-cot-mattress,https://www.sleepconcierge.com.au/author/sally-woods,/author/sally-woods,old_domain:sleepconcierge.com.au,
/blog/when-to-lower-the-cot-mattress,https://www.sleepconcierge.com.au/blog/stop-swaddle-time-for-your-baby,/blog/stop-swaddle-time-for-your-baby,old_domain:sleepconcierge.com.au,out of the swaddle
/blog/when-to-lower-the-cot-mattress,https://www.sleepconcierge.com.au/offers/4zHPSRCs,/offers/4zhpsrcs,old_domain:sleepconcierge.com.au,Book a Consultation
/blog/when-to-lower-the-cot-mattress,https://www.sleepconcierge.com.au/product/5-12-Month-Baby-Sleep-Guide,/product/5-12-month-baby-sleep-guide,old_domain:sleepconcierge.com.au,guide for your 5 to 12 months baby
/blog/why-am-i-the-sleep-concierge,https://www.sleepconcierge.com.au/author/sally-woods,/author/sally-woods,old_domain:sleepconcierge.com.au,
/blog/why-am-i-the-sleep-concierge,https://www.sleepconcierge.com.au/offers/4zHPSRCs,/offers/4zhpsrcs,old_domain:sleepconcierge.com.au,Book a Consultation
/blog/why-am-i-the-sleep-concierge,https://www.sleepconcierge.com.au/store,/store,old_domain:sleepconcierge.com.au,The Sleep guides
/blog/will-my-baby-cry-when-making-sleep-changes-lets-talk-about-it,https://www.sleepconcierge.com.au/author/sally-woods,/author/sally-woods,old_domain:sleepconcierge.com.au,
/blog/will-my-baby-cry-when-making-sleep-changes-lets-talk-about-it,https://www.sleepconcierge.com.au/offers/4zHPSRCs,/offers/4zhpsrcs,old_domain:sleepconcierge.com.au,Ready for a call?
/camp-snooze-sleep-coaching,https://joinsnooze.com/,/,non_www,join snooze
/camp-snooze-sleep-coaching,https://joinsnooze.com/products/communities/v2/snooze,/products/communities/v2/snooze,non_www,Snooze Village
/contact,https://www.sleepconcierge.com.au/offers/4zHPSRCs,/offers/4zhpsrcs,old_domain:sleepconcierge.com.au,Book a Consultation
/contact,https://www.sleepconcierge.com.au/products/communities/v2/snooze,/products/communities/v2/snooze,old_domain:sleepconcierge.com.au,Snooze Village
/downloads/baby-sleep-guide-5-to-12-months,https://www.sleepconcierge.com.au/offers/4zHPSRCs,/offers/4zhpsrcs,old_domain:sleepconcierge.com.au,Book a Consultation
/downloads/catnapping-guide,https://www.sleepconcierge.com.au/offers/4zHPSRCs,/offers/4zhpsrcs,old_domain:sleepconcierge.com.au,Book a Consultation
/downloads/newborn-sleep-guide-by-the-sleep-concierge,https://www.sleepconcierge.com.au/offers/4zHPSRCs,/offers/4zhpsrcs,old_domain:sleepconcierge.com.au,Book a Consultation
/downloads/the-roadmap-to-a-smooth-3-to-2-nap-transition-6-9-month-old-babies,https://www.sleepconcierge.com.au/offers/4zHPSRCs,/offers/4zhpsrcs,old_domain:sleepconcierge.com.au,Book a Consultation
/get-great-baby-sleep,https://www.sleepconcierge.com.au/offers/4zHPSRCs,/offers/4zhpsrcs,old_domain:sleepconcierge.com.au,Book a Consultation
/login,https://www.sleepconcierge.com.au/offers/4zHPSRCs,/offers/4zhpsrcs,old_domain:sleepconcierge.com.au,Book a Consultation
/newborn-baby-sleep-help,https://joinsnooze.com/3-4-month-baby-sleep-help,/3-4-month-baby-sleep-help,non_www,View 3-4 Month Guide
/newborn-baby-sleep-help,https://joinsnooze.com/5-12-month-baby-sleep-help,/5-12-month-baby-sleep-help,non_www,View 5-12 Month Guide
/newborn-baby-sleep-help,https://joinsnooze.com/newborn-baby-sleep-help,/newborn-baby-sleep-help,non_www,View Newborn Guide
/newborn-baby-sleep-help,https://joinsnooze.com/toddler-sleep-help,/toddler-sleep-help,non_www,View Toddler Guide
/newborn-baby-sleep-help,https://www.sleepconcierge.com.au/offers/4zHPSRCs,/offers/4zhpsrcs,old_domain:sleepconcierge.com.au,Book a Consultation
/newborn-baby-sleep-help,https://www.sleepconcierge.com.au/products/communities/v2/snooze,/products/communities/v2/snooze,old_domain:sleepconcierge.com.au,Snooze Village
/newborn-sleep-guide,https://joinsnooze.com/3-4-month-baby-sleep-course,/3-4-month-baby-sleep-course,non_www,3-4 Month Course
/newborn-sleep-guide,https://joinsnooze.com/5-12-month-baby-sleep-course,/5-12-month-baby-sleep-course,non_www,5-12 Month Course
/newborn-sleep-guide,https://joinsnooze.com/offers/omMcVgAi/checkout,/offers/ommcvgai/checkout,non_www,Purchase Course
/newborn-sleep-guide,https://joinsnooze.com/products/communities/v2/snooze/library,/products/communities/v2/snooze/library,non_www,Sleep Library
/newborn-sleep-guide,https://joinsnooze.com/toddler-toolkit,/toddler-toolkit,non_www,Toddler Toolkit
/newborn-sleep-guide,https://www.sleepconcierge.com.au/offers/4zHPSRCs,/offers/4zhpsrcs,old_domain:sleepconcierge.com.au,Book a Consultation
/newborn-sleep-guide,https://www.sleepconcierge.com.au/products/communities/v2/snooze,/products/communities/v2/snooze,old_domain:sleepconcierge.com.au,Snooze Village
/newsletters/the-snooze-news,https://www.sleepconcierge.com.au/offers/4zHPSRCs,/offers/4zhpsrcs,old_domain:sleepconcierge.com.au,Book a Consultation
/offers/4hqjfjgc/checkout,https://www.sleepconcierge.com.au/offers/4zHPSRCs,/offers/4zhpsrcs,old_domain:sleepconcierge.com.au,Book a Consultation
/offers/4zhpsrcs,https://sleepconcierge.com.au/terms-conditions,/terms-conditions,old_domain:sleepconcierge.com.au,Terms & Conditions
/offers/4zhpsrcs,https://www.sleepconcierge.com.au/offers/jRxWAnVo,/offers/jrxwanvo,old_domain:sleepconcierge.com.au,book here
/offers/5xl3narf/checkout,https://www.sleepconcierge.com.au/offers/4zHPSRCs,/offers/4zhpsrcs,old_domain:sleepconcierge.com.au,Book a Consultation
/offers/6irarwak/checkout,https://www.sleepconcierge.com.au/offers/4zHPSRCs,/offers/4zhpsrcs,old_domain:sleepconcierge.com.au,Book a Consultation
/offers/jrxwanvo/checkout,https://sleepconcierge.com.au/terms-conditions,/terms-conditions,old_domain:sleepconcierge.com.au,Terms & Conditions
/offers/k3y6fekx/checkout,https://www.sleepconcierge.com.au/offers/4zHPSRCs,/offers/4zhpsrcs,old_domain:sleepconcierge.com.au,Book a Consultation
/offers/murw6ug5,https://www.sleepconcierge.com.au/offers/4zHPSRCs,/offers/4zhpsrcs,old_domain:sleepconcierge.com.au,Book a Consultation
/offers/murw6ug5/checkout,https://www.sleepconcierge.com.au/offers/4zHPSRCs,/offers/4zhpsrcs,old_domain:sleepconcierge.com.au,Book a Consultation
/offers/mwisia6a/checkout,https://sleepconcierge.com.au/terms-conditions,/terms-conditions,old_domain:sleepconcierge.com.au,Terms & Conditions
/offers/uxwneffg/checkout,https://www.sleepconcierge.com.au/offers/4zHPSRCs,/offers/4zhpsrcs,old_domain:sleepconcierge.com.au,Book a Consultation
/offers/z63s9var,https://www.sleepconcierge.com.au/offers/4zHPSRCs,/offers/4zhpsrcs,old_domain:sleepconcierge.com.au,Book a Consultation
/offers/zaybidqh,https://www.sleepconcierge.com.au/offers/4zHPSRCs,/offers/4zhpsrcs,old_domain:sleepconcierge.com.au,Book a Consultation
/one-on-one-sleep-consultations,https://joinsnooze.com/offers/4zHPSRCs/checkout,/offers/4zhpsrcs/checkout,non_www,Book Your Consultation
/one-on-one-sleep-consultations,https://joinsnooze.com/offers/jRxWAnVo/checkout,/offers/jrxwanvo/checkout,non_www,Book Follow-Up
/one-on-one-sleep-consultations,https://joinsnooze.com/offers/mwiSia6A/checkout,/offers/mwisia6a/checkout,non_www,Book Your 2-Week Package
/one-on-one-sleep-consultations,https://www.sleepconcierge.com.au/offers/4zHPSRCs,/offers/4zhpsrcs,old_domain:sleepconcierge.com.au,Book a Consultation
/one-on-one-sleep-consultations,https://www.sleepconcierge.com.au/products/communities/v2/snooze,/products/communities/v2/snooze,old_domain:sleepconcierge.com.au,Snooze Village
/password/new,https://www.sleepconcierge.com.au/offers/4zHPSRCs,/offers/4zhpsrcs,old_domain:sleepconcierge.com.au,Book a Consultation
/privacy,https://www.sleepconcierge.com.au/offers/4zHPSRCs,/offers/4zhpsrcs,old_domain:sleepconcierge.com.au,Book a Consultation
/privacy-policy,https://www.sleepconcierge.com.au/offers/4zHPSRCs,/offers/4zhpsrcs,old_domain:sleepconcierge.com.au,Book a Consultation
/privacy-policy,https://www.sleepconcierge.com.au/products/communities/v2/snooze,/products/communities/v2/snooze,old_domain:sleepconcierge.com.au,Snooze Village
/privacy-policy,mailto:privacy@sleepconcierge.com.au,mailto:privacy@sleepconcierge.com.au,old_domain:sleepconcierge.com.au,privacy@sleepconcierge.com.au
/products/3-4-month-baby-sleep-course-by-the-sleep-concierge,https://www.sleepconcierge.com.au/offers/4zHPSRCs,/offers/4zhpsrcs,old_domain:sleepconcierge.com.au,Book a Consultation
/products/5-12-month-sleep-training-course,https://www.sleepconcierge.com.au/offers/4zHPSRCs,/offers/4zhpsrcs,old_domain:sleepconcierge.com.au,Book a Consultation
/products/communities/v2/snooze,https://www.sleepconcierge.com.au/offers/4zHPSRCs,/offers/4zhpsrcs,old_domain:sleepconcierge.com.au,Book a Consultation
/products/communities/v2/snooze/library,https://www.sleepconcierge.com.au/offers/4zHPSRCs,/offers/4zhpsrcs,old_domain:sleepconcierge.com.au,Book a Consultation
/products/communities/v2/snooze/resource/9f86d81f-18f7-494e-bad0-60ead4a4fde0,https://www.sleepconcierge.com.au/offers/4zHPSRCs,/offers/4zhpsrcs,old_domain:sleepconcierge.com.au,Book a Consultation
/products/newborn-sleep-guide,https://www.sleepconcierge.com.au/offers/4zHPSRCs,/offers/4zhpsrcs,old_domain:sleepconcierge.com.au,Book a Consultation
/products/settling-techniques-module-from-snooze-by-the-sleep-concierge,https://www.sleepconcierge.com.au/offers/4zHPSRCs,/offers/4zhpsrcs,old_domain:sleepconcierge.com.au,Book a Consultation
/products/the-snooze-method,https://www.sleepconcierge.com.au/offers/4zHPSRCs,/offers/4zhpsrcs,old_domain:sleepconcierge.com.au,Book a Consultation
/products/the-snooze-method-5-12-month-sleep,https://www.sleepconcierge.com.au/offers/4zHPSRCs,/offers/4zhpsrcs,old_domain:sleepconcierge.com.au,Book a Consultation
/products/toddler-toolkit,https://www.sleepconcierge.com.au/offers/4zHPSRCs,/offers/4zhpsrcs,old_domain:sleepconcierge.com.au,Book a Consultation
/recommended-products,https://joinsnooze.com/products/communities/v2/snooze,/products/communities/v2/snooze,non_www,Snooze Village
/recommended-products,https://www.sleepconcierge.com.au/offers/4zHPSRCs,/offers/4zhpsrcs,old_domain:sleepconcierge.com.au,Book a Consultation
/sleep-glossary,https://www.sleepconcierge.com.au/offers/4zHPSRCs,/offers/4zhpsrcs,old_domain:sleepconcierge.com.au,Book a Consultation
/snooze,https://www.sleepconcierge.com.au/offers/4zHPSRCs,/offers/4zhpsrcs,old_domain:sleepconcierge.com.au,Book a Consultation
/snooze-library,https://www.sleepconcierge.com.au/offers/4zHPSRCs,/offers/4zhpsrcs,old_domain:sleepconcierge.com.au,Book a Consultation
/snooze-method,https://www.sleepconcierge.com.au/offers/4zHPSRCs,/offers/4zhpsrcs,old_domain:sleepconcierge.com.au,Book a Consultation
/snooze-social-terms-and-conditions,mailto:sally@sleepconcierge.com.au,mailto:sally@sleepconcierge.com.au,old_domain:sleepconcierge.com.au,sally@sleepconcierge.com.au.
/snooze-village,https://www.sleepconcierge.com.au/offers/4zHPSRCs,/offers/4zhpsrcs,old_domain:sleepconcierge.com.au,Book a Consultation
/store,https://joinsnooze.com/3-4-month-baby-sleep-course,/3-4-month-baby-sleep-course,non_www,View 3-4 Month Course
/store,https://joinsnooze.com/5-12-month-baby-sleep-course,/5-12-month-baby-sleep-course,non_www,View 5-12 Month Course
/store,https://joinsnooze.com/camp-snooze,/camp-snooze,non_www,View Camp Snooze Details
/store,https://joinsnooze.com/newborn-sleep-guide,/newborn-sleep-guide,non_www,View Newborn Sleep Guide
/store,https://joinsnooze.com/offers/6iRarwak/checkout,/offers/6irarwak/checkout,non_www,Join Snooze
/store,https://joinsnooze.com/one-on-one-sleep-consultations,/one-on-one-sleep-consultations,non_www,View Details
/store,https://joinsnooze.com/recommended-products,/recommended-products,non_www,View Recommended Products
/store,https://joinsnooze.com/toddler-toolkit,/toddler-toolkit,non_www,View Toddler Toolkit
/store,https://www.sleepconcierge.com.au/offers/4zHPSRCs,/offers/4zhpsrcs,old_domain:sleepconcierge.com.au,Book a Consultation
/terms-conditions,https://www.joinsnooze.com/privacy,/privacy,stale_slug->/privacy-policy,Privacy Policy
/terms-conditions,https://www.sleepconcierge.com.au/offers/4zHPSRCs,/offers/4zhpsrcs,old_domain:sleepconcierge.com.au,Book a Consultation
/terms-conditions,https://www.sleepconcierge.com.au/products/communities/v2/snooze,/products/communities/v2/snooze,old_domain:sleepconcierge.com.au,Snooze Village
/terms-conditions,mailto:sally@sleepconcierge.com.au,mailto:sally@sleepconcierge.com.au,old_domain:sleepconcierge.com.au,sally@sleepconcierge.com.au
/toddler-sleep-help,https://joinsnooze.com/3-4-month-baby-sleep-help,/3-4-month-baby-sleep-help,non_www,View 3-4 Month Guide
/toddler-sleep-help,https://joinsnooze.com/5-12-month-baby-sleep-help,/5-12-month-baby-sleep-help,non_www,View 5-12 Month Guide
/toddler-sleep-help,https://joinsnooze.com/newborn-baby-sleep-help,/newborn-baby-sleep-help,non_www,View Newborn Guide
/toddler-sleep-help,https://joinsnooze.com/products/communities/v2/snooze,/products/communities/v2/snooze,non_www,Snooze Village
/toddler-sleep-help,https://joinsnooze.com/toddler-sleep-help,/toddler-sleep-help,non_www,View Toddler Guide
/toddler-sleep-help,https://www.sleepconcierge.com.au/offers/4zHPSRCs,/offers/4zhpsrcs,old_domain:sleepconcierge.com.au,Book a Consultation
/toddler-toolkit,https://joinsnooze.com/3-4-month-baby-sleep-course,/3-4-month-baby-sleep-course,non_www,3-4 Month Course
/toddler-toolkit,https://joinsnooze.com/5-12-month-baby-sleep-course,/5-12-month-baby-sleep-course,non_www,5-12 Month Course
/toddler-toolkit,https://joinsnooze.com/newborn-sleep-guide,/newborn-sleep-guide,non_www,Newborn Sleep Guide
/toddler-toolkit,https://joinsnooze.com/offers/FktmJAvJ/checkout,/offers/fktmjavj/checkout,non_www,Purchase Course
/toddler-toolkit,https://joinsnooze.com/products/communities/v2/snooze/library,/products/communities/v2/snooze/library,non_www,Sleep Library
/toddler-toolkit,https://www.sleepconcierge.com.au/offers/4zHPSRCs,/offers/4zhpsrcs,old_domain:sleepconcierge.com.au,Book a Consultation
/toddler-toolkit,https://www.sleepconcierge.com.au/products/communities/v2/snooze,/products/communities/v2/snooze,old_domain:sleepconcierge.com.au,Snooze Village
