source_page,old_link,suggested_target,note
/,https://www.sleepconcierge.com.au/offers/4zHPSRCs,https://www.joinsnooze.com/offers/4zHPSRCs,
/3-4-month-baby-sleep-course,https://www.sleepconcierge.com.au/offers/4zHPSRCs,https://www.joinsnooze.com/offers/4zHPSRCs,
/3-4-month-baby-sleep-course,https://www.sleepconcierge.com.au/products/communities/v2/snooze,https://www.joinsnooze.com/products/communities/v2/snooze,
/3-4-month-baby-sleep-help,https://www.sleepconcierge.com.au/3-4-month-baby-sleep-help,https://www.joinsnooze.com/3-4-month-baby-sleep-help,
/3-4-month-baby-sleep-help,https://www.sleepconcierge.com.au/5-12-month-baby-sleep-help,https://www.joinsnooze.com/5-12-month-baby-sleep-help,
/3-4-month-baby-sleep-help,https://www.sleepconcierge.com.au/newborn-baby-sleep-help,https://www.joinsnooze.com/newborn-baby-sleep-help,
/3-4-month-baby-sleep-help,https://www.sleepconcierge.com.au/offers/4zHPSRCs,https://www.joinsnooze.com/offers/4zHPSRCs,
/3-4-month-baby-sleep-help,https://www.sleepconcierge.com.au/offers/6iRarwak/checkout,https://www.joinsnooze.com/offers/6iRarwak/checkout,
/3-4-month-baby-sleep-help,https://www.sleepconcierge.com.au/products/communities/v2/snooze,https://www.joinsnooze.com/products/communities/v2/snooze,
/3-4-month-baby-sleep-help,https://www.sleepconcierge.com.au/toddler-sleep-help,https://www.joinsnooze.com/toddler-sleep-help,
/5-12-month-baby-sleep-course,https://www.sleepconcierge.com.au/offers/4zHPSRCs,https://www.joinsnooze.com/offers/4zHPSRCs,
/5-12-month-baby-sleep-course,https://www.sleepconcierge.com.au/products/communities/v2/snooze,https://www.joinsnooze.com/products/communities/v2/snooze,
/5-12-month-baby-sleep-help,https://www.sleepconcierge.com.au/offers/4zHPSRCs,https://www.joinsnooze.com/offers/4zHPSRCs,
/5-12-month-baby-sleep-help,https://www.sleepconcierge.com.au/products/communities/v2/snooze,https://www.joinsnooze.com/products/communities/v2/snooze,
/about,https://www.sleepconcierge.com.au/offers/4zHPSRCs,https://www.joinsnooze.com/offers/4zHPSRCs,
/about-sally,https://www.sleepconcierge.com.au/offers/4zHPSRCs,https://www.joinsnooze.com/offers/4zHPSRCs,
/about-sally,https://www.sleepconcierge.com.au/products/communities/v2/snooze,https://www.joinsnooze.com/products/communities/v2/snooze,
/account,https://www.sleepconcierge.com.au/offers/4zHPSRCs,https://www.joinsnooze.com/offers/4zHPSRCs,
/author/sally-woods,https://www.sleepconcierge.com.au/offers/4zHPSRCs,https://www.joinsnooze.com/offers/4zHPSRCs,
/blog,https://www.sleepconcierge.com.au/blog/my-snoo-review,https://www.joinsnooze.com/blog/my-snoo-review,
/blog,https://www.sleepconcierge.com.au/offers/4zHPSRCs,https://www.joinsnooze.com/offers/4zHPSRCs,
/blog/4-month-regression-or-progression,https://www.sleepconcierge.com.au/3-4-month-baby-sleep-course,https://www.joinsnooze.com/3-4-month-baby-sleep-course,
/blog/4-month-regression-or-progression,https://www.sleepconcierge.com.au/author/sally-woods,https://www.joinsnooze.com/author/sally-woods,
/blog/4-month-regression-or-progression,https://www.sleepconcierge.com.au/blog/guide-to-self-settling-sleep-cycles,https://www.joinsnooze.com/blog/guide-to-self-settling-sleep-cycles,
/blog/4-month-regression-or-progression,https://www.sleepconcierge.com.au/blog/how-to-make-change-when-the-4-month-sleep-regressions-hits,https://www.joinsnooze.com/blog/how-to-make-change-when-the-4-month-sleep-regressions-hits,
/blog/4-month-regression-or-progression,https://www.sleepconcierge.com.au/offers/4zHPSRCs,https://www.joinsnooze.com/offers/4zHPSRCs,
/blog/7-tips-for-maintaining-you-babys-sleep-while-travelling,https://www.sleepconcierge.com.au/author/sally-woods,https://www.joinsnooze.com/author/sally-woods,
/blog/7-tips-for-maintaining-you-babys-sleep-while-travelling,https://www.sleepconcierge.com.au/blog/glow-dreaming-white-noise-review,https://www.joinsnooze.com/blog/glow-dreaming-white-noise-review,
/blog/7-tips-for-maintaining-you-babys-sleep-while-travelling,https://www.sleepconcierge.com.au/offers/4zHPSRCs,https://www.joinsnooze.com/offers/4zHPSRCs,
/blog/7-tips-for-maintaining-you-babys-sleep-while-travelling,https://www.sleepconcierge.com.au/offers/4zHPSRCs/checkout,https://www.joinsnooze.com/offers/4zHPSRCs/checkout,
/blog/all-about-the-8-10-month-sleep-regression,https://www.sleepconcierge.com.au/author/sally-woods,https://www.joinsnooze.com/author/sally-woods,
/blog/all-about-the-8-10-month-sleep-regression,https://www.sleepconcierge.com.au/offers/4zHPSRCs,https://www.joinsnooze.com/offers/4zHPSRCs,
/blog/all-about-the-8-10-month-sleep-regression,https://www.sleepconcierge.com.au/offers/4zHPSRCs/checkout,https://www.joinsnooze.com/offers/4zHPSRCs/checkout,
/blog/all-about-the-8-10-month-sleep-regression,https://www.sleepconcierge.com.au/product/5-12-Month-Baby-Sleep-Guide,https://www.joinsnooze.com/5-12-month-baby-sleep-course,SLUG CHANGED on new domain - verify
/blog/baby-catnaps-tips-guide,https://www.sleepconcierge.com.au/author/sally-woods,https://www.joinsnooze.com/author/sally-woods,
/blog/baby-catnaps-tips-guide,https://www.sleepconcierge.com.au/blog/guide-to-self-settling-sleep-cycles,https://www.joinsnooze.com/blog/guide-to-self-settling-sleep-cycles,
/blog/baby-catnaps-tips-guide,https://www.sleepconcierge.com.au/offers/4zHPSRCs,https://www.joinsnooze.com/offers/4zHPSRCs,
/blog/baby-catnaps-tips-guide,https://www.sleepconcierge.com.au/product/catnapping-guide-free,https://www.joinsnooze.com/downloads/catnapping-guide,SLUG CHANGED on new domain - verify
/blog/baby-catnaps-tips-guide,https://www.sleepconcierge.com.au/recommended-products,https://www.joinsnooze.com/recommended-products,
/blog/baby-sleep-schedule-wake-windows-vs-clock-schedules,https://www.sleepconcierge.com.au/about,https://www.joinsnooze.com/,SLUG CHANGED on new domain - verify
/blog/baby-sleep-schedule-wake-windows-vs-clock-schedules,https://www.sleepconcierge.com.au/author/sally-woods,https://www.joinsnooze.com/author/sally-woods,
/blog/baby-sleep-schedule-wake-windows-vs-clock-schedules,https://www.sleepconcierge.com.au/blog/guide-to-self-settling-sleep-cycles,https://www.joinsnooze.com/blog/guide-to-self-settling-sleep-cycles,
/blog/baby-sleep-schedule-wake-windows-vs-clock-schedules,https://www.sleepconcierge.com.au/blog/tips-for-managing-baby-early-wake-ups,https://www.joinsnooze.com/blog/tips-for-managing-baby-early-wake-ups,
/blog/baby-sleep-schedule-wake-windows-vs-clock-schedules,https://www.sleepconcierge.com.au/offers/4zHPSRCs,https://www.joinsnooze.com/offers/4zHPSRCs,
/blog/baby-sleep-schedule-wake-windows-vs-clock-schedules,https://www.sleepconcierge.com.au/recommended-products,https://www.joinsnooze.com/recommended-products,
/blog/babyzen-yoyo-travel-stroller-review-you-can-stop-googling-now-this-is-the-stroller-for-you,https://www.sleepconcierge.com.au/author/sally-woods,https://www.joinsnooze.com/author/sally-woods,
/blog/babyzen-yoyo-travel-stroller-review-you-can-stop-googling-now-this-is-the-stroller-for-you,https://www.sleepconcierge.com.au/blog/7-tips-for-maintaining-you-babys-sleep-while-travelling,https://www.joinsnooze.com/blog/7-tips-for-maintaining-you-babys-sleep-while-travelling,
/blog/babyzen-yoyo-travel-stroller-review-you-can-stop-googling-now-this-is-the-stroller-for-you,https://www.sleepconcierge.com.au/offers/4zHPSRCs,https://www.joinsnooze.com/offers/4zHPSRCs,
/blog/create-meaningful-morning-rituals-for-baby,https://www.sleepconcierge.com.au/author/sally-woods,https://www.joinsnooze.com/author/sally-woods,
/blog/create-meaningful-morning-rituals-for-baby,https://www.sleepconcierge.com.au/blog/tips-for-managing-baby-early-wake-ups,https://www.joinsnooze.com/blog/tips-for-managing-baby-early-wake-ups,
/blog/create-meaningful-morning-rituals-for-baby,https://www.sleepconcierge.com.au/offers/4zHPSRCs,https://www.joinsnooze.com/offers/4zHPSRCs,
/blog/create-meaningful-morning-rituals-for-baby,https://www.sleepconcierge.com.au/recommended-products,https://www.joinsnooze.com/recommended-products,
/blog/cubo-ai-smart-baby-monitor-review-with-discount,https://www.sleepconcierge.com.au/author/sally-woods,https://www.joinsnooze.com/author/sally-woods,
/blog/cubo-ai-smart-baby-monitor-review-with-discount,https://www.sleepconcierge.com.au/blog/should-we-discourage-babys-thumb-and-finger-sucking,https://www.joinsnooze.com/blog/should-we-discourage-babys-thumb-and-finger-sucking,
/blog/cubo-ai-smart-baby-monitor-review-with-discount,https://www.sleepconcierge.com.au/blog/tips-for-managing-baby-early-wake-ups,https://www.joinsnooze.com/blog/tips-for-managing-baby-early-wake-ups,
/blog/cubo-ai-smart-baby-monitor-review-with-discount,https://www.sleepconcierge.com.au/offers/4zHPSRCs,https://www.joinsnooze.com/offers/4zHPSRCs,
/blog/developing-positive-cot-association-with-your-baby,https://www.sleepconcierge.com.au/author/sally-woods,https://www.joinsnooze.com/author/sally-woods,
/blog/developing-positive-cot-association-with-your-baby,https://www.sleepconcierge.com.au/offers/4zHPSRCs,https://www.joinsnooze.com/offers/4zHPSRCs,
/blog/dr-harvey-karps-5-ss-to-soothe-your-crying-baby,https://www.sleepconcierge.com.au/author/sally-woods,https://www.joinsnooze.com/author/sally-woods,
/blog/dr-harvey-karps-5-ss-to-soothe-your-crying-baby,https://www.sleepconcierge.com.au/blog/my-snoo-review,https://www.joinsnooze.com/blog/my-snoo-review,
/blog/dr-harvey-karps-5-ss-to-soothe-your-crying-baby,https://www.sleepconcierge.com.au/offers/4zHPSRCs,https://www.joinsnooze.com/offers/4zHPSRCs,
/blog/dressing-baby-for-bedtime,https://www.sleepconcierge.com.au/author/sally-woods,https://www.joinsnooze.com/author/sally-woods,
/blog/dressing-baby-for-bedtime,https://www.sleepconcierge.com.au/blog/tips-for-managing-baby-early-wake-ups,https://www.joinsnooze.com/blog/tips-for-managing-baby-early-wake-ups,
/blog/dressing-baby-for-bedtime,https://www.sleepconcierge.com.au/offers/4zHPSRCs,https://www.joinsnooze.com/offers/4zHPSRCs,
/blog/dressing-baby-for-bedtime,https://www.sleepconcierge.com.au/product/5-12-Month-Baby-Sleep-Guide,https://www.joinsnooze.com/5-12-month-baby-sleep-course,SLUG CHANGED on new domain - verify
/blog/glow-dreaming-white-noise-review,https://www.sleepconcierge.com.au/author/sally-woods,https://www.joinsnooze.com/author/sally-woods,
/blog/glow-dreaming-white-noise-review,https://www.sleepconcierge.com.au/blog/guide-to-self-settling-sleep-cycles,https://www.joinsnooze.com/blog/guide-to-self-settling-sleep-cycles,
/blog/glow-dreaming-white-noise-review,https://www.sleepconcierge.com.au/offers/4zHPSRCs,https://www.joinsnooze.com/offers/4zHPSRCs,
/blog/guide-to-self-settling-sleep-cycles,https://www.sleepconcierge.com.au/author/sally-woods,https://www.joinsnooze.com/author/sally-woods,
/blog/guide-to-self-settling-sleep-cycles,https://www.sleepconcierge.com.au/blog/baby-sleep-schedule-wake-windows-vs-clock-schedules,https://www.joinsnooze.com/blog/baby-sleep-schedule-wake-windows-vs-clock-schedules,
/blog/guide-to-self-settling-sleep-cycles,https://www.sleepconcierge.com.au/blog/tips-for-managing-baby-early-wake-ups,https://www.joinsnooze.com/blog/tips-for-managing-baby-early-wake-ups,
/blog/guide-to-self-settling-sleep-cycles,https://www.sleepconcierge.com.au/offers/4zHPSRCs,https://www.joinsnooze.com/offers/4zHPSRCs,
/blog/guide-to-self-settling-sleep-cycles,https://www.sleepconcierge.com.au/product/5-12-Month-Baby-Sleep-Guide,https://www.joinsnooze.com/5-12-month-baby-sleep-course,SLUG CHANGED on new domain - verify
/blog/how-to-do-skin-to-skin-without-breastfeeding,https://www.sleepconcierge.com.au/author/sally-woods,https://www.joinsnooze.com/author/sally-woods,
/blog/how-to-do-skin-to-skin-without-breastfeeding,https://www.sleepconcierge.com.au/offers/4zHPSRCs,https://www.joinsnooze.com/offers/4zHPSRCs,
/blog/how-to-make-change-when-the-4-month-sleep-regressions-hits,https://www.sleepconcierge.com.au/author/sally-woods,https://www.joinsnooze.com/author/sally-woods,
/blog/how-to-make-change-when-the-4-month-sleep-regressions-hits,https://www.sleepconcierge.com.au/blog/guide-to-self-settling-sleep-cycles,https://www.joinsnooze.com/blog/guide-to-self-settling-sleep-cycles,
/blog/how-to-make-change-when-the-4-month-sleep-regressions-hits,https://www.sleepconcierge.com.au/blog/stop-4-month-babies-sleep-regression-fear,https://www.joinsnooze.com/blog/stop-4-month-babies-sleep-regression-fear,
/blog/how-to-make-change-when-the-4-month-sleep-regressions-hits,https://www.sleepconcierge.com.au/offers/4zHPSRCs,https://www.joinsnooze.com/offers/4zHPSRCs,
/blog/how-to-make-change-when-the-4-month-sleep-regressions-hits,https://www.sleepconcierge.com.au/offers/omMcVgAi/checkout,https://www.joinsnooze.com/offers/omMcVgAi/checkout,
/blog/how-to-make-change-when-the-4-month-sleep-regressions-hits,https://www.sleepconcierge.com.au/product/5-12-Month-Baby-Sleep-Guide,https://www.joinsnooze.com/5-12-month-baby-sleep-course,SLUG CHANGED on new domain - verify
/blog/how-to-make-change-when-the-4-month-sleep-regressions-hits,https://www.sleepconcierge.com.au/recommended-products,https://www.joinsnooze.com/recommended-products,
/blog/how-to-manage-your-babys-reflux-and-sleep,https://www.sleepconcierge.com.au/author/sally-woods,https://www.joinsnooze.com/author/sally-woods,
/blog/how-to-manage-your-babys-reflux-and-sleep,https://www.sleepconcierge.com.au/offers/4zHPSRCs,https://www.joinsnooze.com/offers/4zHPSRCs,
/blog/how-to-manage-your-babys-reflux-and-sleep,https://www.sleepconcierge.com.au/recommended-products,https://www.joinsnooze.com/recommended-products,
/blog/my-honest-snoo-experience-and-review,https://www.sleepconcierge.com.au/author/sally-woods,https://www.joinsnooze.com/author/sally-woods,
/blog/my-honest-snoo-experience-and-review,https://www.sleepconcierge.com.au/offers/4zHPSRCs,https://www.joinsnooze.com/offers/4zHPSRCs,
/blog/my-snoo-review,https://www.sleepconcierge.com.au/author/sally-woods,https://www.joinsnooze.com/author/sally-woods,
/blog/my-snoo-review,https://www.sleepconcierge.com.au/offers/4zHPSRCs,https://www.joinsnooze.com/offers/4zHPSRCs,
/blog/mystery-of-missing-third-nap-early-rising,https://www.sleepconcierge.com.au/author/sally-woods,https://www.joinsnooze.com/author/sally-woods,
/blog/mystery-of-missing-third-nap-early-rising,https://www.sleepconcierge.com.au/offers/4zHPSRCs,https://www.joinsnooze.com/offers/4zHPSRCs,
/blog/navigating-childcare-and-your-childs-sleep-routine,https://www.sleepconcierge.com.au/author/sally-woods,https://www.joinsnooze.com/author/sally-woods,
/blog/navigating-childcare-and-your-childs-sleep-routine,https://www.sleepconcierge.com.au/blog/navigating-split-nights-a-guide-for-parents,https://www.joinsnooze.com/blog/navigating-split-nights-a-guide-for-parents,
/blog/navigating-childcare-and-your-childs-sleep-routine,https://www.sleepconcierge.com.au/blog/transitioning-your-baby-from-2-naps-to-1,https://www.joinsnooze.com/blog/transitioning-your-baby-from-2-naps-to-1,
/blog/navigating-childcare-and-your-childs-sleep-routine,https://www.sleepconcierge.com.au/offers/4zHPSRCs,https://www.joinsnooze.com/offers/4zHPSRCs,
/blog/navigating-childcare-and-your-childs-sleep-routine,https://www.sleepconcierge.com.au/one-on-one-sleep-consultations,https://www.joinsnooze.com/one-on-one-sleep-consultations,
/blog/navigating-childcare-and-your-childs-sleep-routine,https://www.sleepconcierge.com.au/product/5-12-Month-Baby-Sleep-Guide,https://www.joinsnooze.com/5-12-month-baby-sleep-course,SLUG CHANGED on new domain - verify
/blog/navigating-split-nights-a-guide-for-parents,https://www.sleepconcierge.com.au/3-4-month-baby-sleep-help,https://www.joinsnooze.com/3-4-month-baby-sleep-help,
/blog/navigating-split-nights-a-guide-for-parents,https://www.sleepconcierge.com.au/author/sally-woods,https://www.joinsnooze.com/author/sally-woods,
/blog/navigating-split-nights-a-guide-for-parents,https://www.sleepconcierge.com.au/blog/shifting-your-babys-bedtime-for-daylight-savings,https://www.joinsnooze.com/blog/shifting-your-babys-bedtime-for-daylight-savings,
/blog/navigating-split-nights-a-guide-for-parents,https://www.sleepconcierge.com.au/offers/4zHPSRCs,https://www.joinsnooze.com/offers/4zHPSRCs,
/blog/navigating-split-nights-a-guide-for-parents,https://www.sleepconcierge.com.au/product/5-12-Month-Baby-Sleep-Guide,https://www.joinsnooze.com/5-12-month-baby-sleep-course,SLUG CHANGED on new domain - verify
/blog/newborn-babys-and-naps,https://www.sleepconcierge.com.au/author/sally-woods,https://www.joinsnooze.com/author/sally-woods,
/blog/newborn-babys-and-naps,https://www.sleepconcierge.com.au/blog/stop-swaddle-time-for-your-baby,https://www.joinsnooze.com/blog/stop-swaddle-time-for-your-baby,
/blog/newborn-babys-and-naps,https://www.sleepconcierge.com.au/offers/4zHPSRCs,https://www.joinsnooze.com/offers/4zHPSRCs,
/blog/newborn-babys-and-naps,https://www.sleepconcierge.com.au/product/catnapping-guide-free,https://www.joinsnooze.com/downloads/catnapping-guide,SLUG CHANGED on new domain - verify
/blog/newborn-sleep-and-the-fourth-trimester,https://www.sleepconcierge.com.au/author/sally-woods,https://www.joinsnooze.com/author/sally-woods,
/blog/newborn-sleep-and-the-fourth-trimester,https://www.sleepconcierge.com.au/blog/glow-dreaming-white-noise-review,https://www.joinsnooze.com/blog/glow-dreaming-white-noise-review,
/blog/newborn-sleep-and-the-fourth-trimester,https://www.sleepconcierge.com.au/offers/4zHPSRCs,https://www.joinsnooze.com/offers/4zHPSRCs,
/blog/shifting-your-babys-bedtime-for-daylight-savings,https://www.sleepconcierge.com.au/author/sally-woods,https://www.joinsnooze.com/author/sally-woods,
/blog/shifting-your-babys-bedtime-for-daylight-savings,https://www.sleepconcierge.com.au/offers/4zHPSRCs,https://www.joinsnooze.com/offers/4zHPSRCs,
/blog/should-we-discourage-babys-thumb-and-finger-sucking,https://www.sleepconcierge.com.au/author/sally-woods,https://www.joinsnooze.com/author/sally-woods,
/blog/should-we-discourage-babys-thumb-and-finger-sucking,https://www.sleepconcierge.com.au/offers/4zHPSRCs,https://www.joinsnooze.com/offers/4zHPSRCs,
/blog/sick-babies-and-sleep,https://www.sleepconcierge.com.au/author/sally-woods,https://www.joinsnooze.com/author/sally-woods,
/blog/sick-babies-and-sleep,https://www.sleepconcierge.com.au/offers/4zHPSRCs,https://www.joinsnooze.com/offers/4zHPSRCs,
/blog/stop-4-month-babies-sleep-regression-fear,https://www.sleepconcierge.com.au/author/sally-woods,https://www.joinsnooze.com/author/sally-woods,
/blog/stop-4-month-babies-sleep-regression-fear,https://www.sleepconcierge.com.au/blog/how-to-make-change-when-the-4-month-sleep-regressions-hits,https://www.joinsnooze.com/blog/how-to-make-change-when-the-4-month-sleep-regressions-hits,
/blog/stop-4-month-babies-sleep-regression-fear,https://www.sleepconcierge.com.au/offers/4zHPSRCs,https://www.joinsnooze.com/offers/4zHPSRCs,
/blog/stop-4-month-babies-sleep-regression-fear,https://www.sleepconcierge.com.au/product/5-12-Month-Baby-Sleep-Guide,https://www.joinsnooze.com/5-12-month-baby-sleep-course,SLUG CHANGED on new domain - verify
/blog/stop-swaddle-time-for-your-baby,https://www.sleepconcierge.com.au/author/sally-woods,https://www.joinsnooze.com/author/sally-woods,
/blog/stop-swaddle-time-for-your-baby,https://www.sleepconcierge.com.au/offers/4zHPSRCs,https://www.joinsnooze.com/offers/4zHPSRCs,
/blog/stop-swaddle-time-for-your-baby,https://www.sleepconcierge.com.au/product/5-12-Month-Baby-Sleep-Guide,https://www.joinsnooze.com/5-12-month-baby-sleep-course,SLUG CHANGED on new domain - verify
/blog/supporting-parents-of-rainbow-babies,https://www.sleepconcierge.com.au/author/sally-woods,https://www.joinsnooze.com/author/sally-woods,
/blog/supporting-parents-of-rainbow-babies,https://www.sleepconcierge.com.au/offers/4zHPSRCs,https://www.joinsnooze.com/offers/4zHPSRCs,
/blog/the-power-of-calm-but-awake-for-babies,https://www.sleepconcierge.com.au/author/sally-woods,https://www.joinsnooze.com/author/sally-woods,
/blog/the-power-of-calm-but-awake-for-babies,https://www.sleepconcierge.com.au/offers/4zHPSRCs,https://www.joinsnooze.com/offers/4zHPSRCs,
/blog/the-power-of-calm-but-awake-for-babies,https://www.sleepconcierge.com.au/product/5-12-Month-Baby-Sleep-Guide,https://www.joinsnooze.com/5-12-month-baby-sleep-course,SLUG CHANGED on new domain - verify
/blog/tips-for-managing-baby-early-wake-ups,https://www.sleepconcierge.com.au/author/sally-woods,https://www.joinsnooze.com/author/sally-woods,
/blog/tips-for-managing-baby-early-wake-ups,https://www.sleepconcierge.com.au/blog/guide-to-self-settling-sleep-cycles,https://www.joinsnooze.com/blog/guide-to-self-settling-sleep-cycles,
/blog/tips-for-managing-baby-early-wake-ups,https://www.sleepconcierge.com.au/blog/navigating-childcare-and-your-childs-sleep-routine,https://www.joinsnooze.com/blog/navigating-childcare-and-your-childs-sleep-routine,
/blog/tips-for-managing-baby-early-wake-ups,https://www.sleepconcierge.com.au/blog/stop-swaddle-time-for-your-baby,https://www.joinsnooze.com/blog/stop-swaddle-time-for-your-baby,
/blog/tips-for-managing-baby-early-wake-ups,https://www.sleepconcierge.com.au/offers/4zHPSRCs,https://www.joinsnooze.com/offers/4zHPSRCs,
/blog/transitioning-your-baby-from-2-naps-to-1,https://www.sleepconcierge.com.au/5-12-month-baby-sleep-help,https://www.joinsnooze.com/5-12-month-baby-sleep-help,
/blog/transitioning-your-baby-from-2-naps-to-1,https://www.sleepconcierge.com.au/author/sally-woods,https://www.joinsnooze.com/author/sally-woods,
/blog/transitioning-your-baby-from-2-naps-to-1,https://www.sleepconcierge.com.au/offers/4zHPSRCs,https://www.joinsnooze.com/offers/4zHPSRCs,
/blog/what-are-assisted-sleep-associations,https://www.sleepconcierge.com.au/author/sally-woods,https://www.joinsnooze.com/author/sally-woods,
/blog/what-are-assisted-sleep-associations,https://www.sleepconcierge.com.au/blog/dressing-baby-for-bedtime,https://www.joinsnooze.com/blog/dressing-baby-for-bedtime,
/blog/what-are-assisted-sleep-associations,https://www.sleepconcierge.com.au/blog/navigating-childcare-and-your-childs-sleep-routine,https://www.joinsnooze.com/blog/navigating-childcare-and-your-childs-sleep-routine,
/blog/what-are-assisted-sleep-associations,https://www.sleepconcierge.com.au/offers/4zHPSRCs,https://www.joinsnooze.com/offers/4zHPSRCs,
/blog/when-to-lower-the-cot-mattress,https://www.sleepconcierge.com.au/author/sally-woods,https://www.joinsnooze.com/author/sally-woods,
/blog/when-to-lower-the-cot-mattress,https://www.sleepconcierge.com.au/blog/stop-swaddle-time-for-your-baby,https://www.joinsnooze.com/blog/stop-swaddle-time-for-your-baby,
/blog/when-to-lower-the-cot-mattress,https://www.sleepconcierge.com.au/offers/4zHPSRCs,https://www.joinsnooze.com/offers/4zHPSRCs,
/blog/when-to-lower-the-cot-mattress,https://www.sleepconcierge.com.au/product/5-12-Month-Baby-Sleep-Guide,https://www.joinsnooze.com/5-12-month-baby-sleep-course,SLUG CHANGED on new domain - verify
/blog/why-am-i-the-sleep-concierge,https://www.sleepconcierge.com.au/author/sally-woods,https://www.joinsnooze.com/author/sally-woods,
/blog/why-am-i-the-sleep-concierge,https://www.sleepconcierge.com.au/offers/4zHPSRCs,https://www.joinsnooze.com/offers/4zHPSRCs,
/blog/why-am-i-the-sleep-concierge,https://www.sleepconcierge.com.au/store,https://www.joinsnooze.com/store,
/blog/will-my-baby-cry-when-making-sleep-changes-lets-talk-about-it,https://www.sleepconcierge.com.au/author/sally-woods,https://www.joinsnooze.com/author/sally-woods,
/blog/will-my-baby-cry-when-making-sleep-changes-lets-talk-about-it,https://www.sleepconcierge.com.au/offers/4zHPSRCs,https://www.joinsnooze.com/offers/4zHPSRCs,
/contact,https://www.sleepconcierge.com.au/offers/4zHPSRCs,https://www.joinsnooze.com/offers/4zHPSRCs,
/contact,https://www.sleepconcierge.com.au/products/communities/v2/snooze,https://www.joinsnooze.com/products/communities/v2/snooze,
/downloads/baby-sleep-guide-5-to-12-months,https://www.sleepconcierge.com.au/offers/4zHPSRCs,https://www.joinsnooze.com/offers/4zHPSRCs,
/downloads/catnapping-guide,https://www.sleepconcierge.com.au/offers/4zHPSRCs,https://www.joinsnooze.com/offers/4zHPSRCs,
/downloads/newborn-sleep-guide-by-the-sleep-concierge,https://www.sleepconcierge.com.au/offers/4zHPSRCs,https://www.joinsnooze.com/offers/4zHPSRCs,
/downloads/the-roadmap-to-a-smooth-3-to-2-nap-transition-6-9-month-old-babies,https://www.sleepconcierge.com.au/offers/4zHPSRCs,https://www.joinsnooze.com/offers/4zHPSRCs,
/get-great-baby-sleep,https://www.sleepconcierge.com.au/offers/4zHPSRCs,https://www.joinsnooze.com/offers/4zHPSRCs,
/login,https://www.sleepconcierge.com.au/offers/4zHPSRCs,https://www.joinsnooze.com/offers/4zHPSRCs,
/newborn-baby-sleep-help,https://www.sleepconcierge.com.au/offers/4zHPSRCs,https://www.joinsnooze.com/offers/4zHPSRCs,
/newborn-baby-sleep-help,https://www.sleepconcierge.com.au/products/communities/v2/snooze,https://www.joinsnooze.com/products/communities/v2/snooze,
/newborn-sleep-guide,https://www.sleepconcierge.com.au/offers/4zHPSRCs,https://www.joinsnooze.com/offers/4zHPSRCs,
/newborn-sleep-guide,https://www.sleepconcierge.com.au/products/communities/v2/snooze,https://www.joinsnooze.com/products/communities/v2/snooze,
/newsletters/the-snooze-news,https://www.sleepconcierge.com.au/offers/4zHPSRCs,https://www.joinsnooze.com/offers/4zHPSRCs,
/offers/4hqjfjgc/checkout,https://www.sleepconcierge.com.au/offers/4zHPSRCs,https://www.joinsnooze.com/offers/4zHPSRCs,
/offers/4zhpsrcs,https://sleepconcierge.com.au/terms-conditions,https://www.joinsnooze.com/terms-conditions,
/offers/4zhpsrcs,https://www.sleepconcierge.com.au/offers/jRxWAnVo,https://www.joinsnooze.com/offers/jRxWAnVo,
/offers/5xl3narf/checkout,https://www.sleepconcierge.com.au/offers/4zHPSRCs,https://www.joinsnooze.com/offers/4zHPSRCs,
/offers/6irarwak/checkout,https://www.sleepconcierge.com.au/offers/4zHPSRCs,https://www.joinsnooze.com/offers/4zHPSRCs,
/offers/jrxwanvo/checkout,https://sleepconcierge.com.au/terms-conditions,https://www.joinsnooze.com/terms-conditions,
/offers/k3y6fekx/checkout,https://www.sleepconcierge.com.au/offers/4zHPSRCs,https://www.joinsnooze.com/offers/4zHPSRCs,
/offers/murw6ug5,https://www.sleepconcierge.com.au/offers/4zHPSRCs,https://www.joinsnooze.com/offers/4zHPSRCs,
/offers/murw6ug5/checkout,https://www.sleepconcierge.com.au/offers/4zHPSRCs,https://www.joinsnooze.com/offers/4zHPSRCs,
/offers/mwisia6a/checkout,https://sleepconcierge.com.au/terms-conditions,https://www.joinsnooze.com/terms-conditions,
/offers/uxwneffg/checkout,https://www.sleepconcierge.com.au/offers/4zHPSRCs,https://www.joinsnooze.com/offers/4zHPSRCs,
/offers/z63s9var,https://www.sleepconcierge.com.au/offers/4zHPSRCs,https://www.joinsnooze.com/offers/4zHPSRCs,
/offers/zaybidqh,https://www.sleepconcierge.com.au/offers/4zHPSRCs,https://www.joinsnooze.com/offers/4zHPSRCs,
/one-on-one-sleep-consultations,https://www.sleepconcierge.com.au/offers/4zHPSRCs,https://www.joinsnooze.com/offers/4zHPSRCs,
/one-on-one-sleep-consultations,https://www.sleepconcierge.com.au/products/communities/v2/snooze,https://www.joinsnooze.com/products/communities/v2/snooze,
/password/new,https://www.sleepconcierge.com.au/offers/4zHPSRCs,https://www.joinsnooze.com/offers/4zHPSRCs,
/privacy,https://www.sleepconcierge.com.au/offers/4zHPSRCs,https://www.joinsnooze.com/offers/4zHPSRCs,
/privacy-policy,https://www.sleepconcierge.com.au/offers/4zHPSRCs,https://www.joinsnooze.com/offers/4zHPSRCs,
/privacy-policy,https://www.sleepconcierge.com.au/products/communities/v2/snooze,https://www.joinsnooze.com/products/communities/v2/snooze,
/products/3-4-month-baby-sleep-course-by-the-sleep-concierge,https://www.sleepconcierge.com.au/offers/4zHPSRCs,https://www.joinsnooze.com/offers/4zHPSRCs,
/products/5-12-month-sleep-training-course,https://www.sleepconcierge.com.au/offers/4zHPSRCs,https://www.joinsnooze.com/offers/4zHPSRCs,
/products/communities/v2/snooze,https://www.sleepconcierge.com.au/offers/4zHPSRCs,https://www.joinsnooze.com/offers/4zHPSRCs,
/products/communities/v2/snooze/library,https://www.sleepconcierge.com.au/offers/4zHPSRCs,https://www.joinsnooze.com/offers/4zHPSRCs,
/products/communities/v2/snooze/resource/9f86d81f-18f7-494e-bad0-60ead4a4fde0,https://www.sleepconcierge.com.au/offers/4zHPSRCs,https://www.joinsnooze.com/offers/4zHPSRCs,
/products/newborn-sleep-guide,https://www.sleepconcierge.com.au/offers/4zHPSRCs,https://www.joinsnooze.com/offers/4zHPSRCs,
/products/settling-techniques-module-from-snooze-by-the-sleep-concierge,https://www.sleepconcierge.com.au/offers/4zHPSRCs,https://www.joinsnooze.com/offers/4zHPSRCs,
/products/the-snooze-method,https://www.sleepconcierge.com.au/offers/4zHPSRCs,https://www.joinsnooze.com/offers/4zHPSRCs,
/products/the-snooze-method-5-12-month-sleep,https://www.sleepconcierge.com.au/offers/4zHPSRCs,https://www.joinsnooze.com/offers/4zHPSRCs,
/products/toddler-toolkit,https://www.sleepconcierge.com.au/offers/4zHPSRCs,https://www.joinsnooze.com/offers/4zHPSRCs,
/recommended-products,https://www.sleepconcierge.com.au/offers/4zHPSRCs,https://www.joinsnooze.com/offers/4zHPSRCs,
/sleep-glossary,https://www.sleepconcierge.com.au/offers/4zHPSRCs,https://www.joinsnooze.com/offers/4zHPSRCs,
/snooze,https://www.sleepconcierge.com.au/offers/4zHPSRCs,https://www.joinsnooze.com/offers/4zHPSRCs,
/snooze-library,https://www.sleepconcierge.com.au/offers/4zHPSRCs,https://www.joinsnooze.com/offers/4zHPSRCs,
/snooze-method,https://www.sleepconcierge.com.au/offers/4zHPSRCs,https://www.joinsnooze.com/offers/4zHPSRCs,
/snooze-village,https://www.sleepconcierge.com.au/offers/4zHPSRCs,https://www.joinsnooze.com/offers/4zHPSRCs,
/store,https://www.sleepconcierge.com.au/offers/4zHPSRCs,https://www.joinsnooze.com/offers/4zHPSRCs,
/terms-conditions,https://www.sleepconcierge.com.au/offers/4zHPSRCs,https://www.joinsnooze.com/offers/4zHPSRCs,
/terms-conditions,https://www.sleepconcierge.com.au/products/communities/v2/snooze,https://www.joinsnooze.com/products/communities/v2/snooze,
/toddler-sleep-help,https://www.sleepconcierge.com.au/offers/4zHPSRCs,https://www.joinsnooze.com/offers/4zHPSRCs,
/toddler-toolkit,https://www.sleepconcierge.com.au/offers/4zHPSRCs,https://www.joinsnooze.com/offers/4zHPSRCs,
/toddler-toolkit,https://www.sleepconcierge.com.au/products/communities/v2/snooze,https://www.joinsnooze.com/products/communities/v2/snooze,
