path,url,page_id,kind,publish_state,http_status,current_title,title_len,title_status,current_meta_description,desc_len,desc_status,canonical,has_jsonld,og_image,kajabi_missing,page_value,priority,recommended_title,recommended_meta_description,notes
,https://www.joinsnooze.com/,,,,200,Snooze | Sleep Help for the Modern Parent,41,ok,"Get clear, evidence-based sleep guidance for your baby. The Snooze Method helps tired parents reduce night wakes and extend naps. Join Snooze today.",148,ok,https://www.joinsnooze.com,Y,https://kajabi-storefronts-production.kajabi-cdn.com/kajabi-storefronts-production/file-uploads/sites/2148291177/images/5a0acc0-1-35b-0af-fbf7748ab0a_Snooze_x_TSC_-_coral_web.png,,,,,,
3-4-month-baby-sleep-course,https://www.joinsnooze.com/3-4-month-baby-sleep-course,,,,200,3-4 Month Baby Sleep Course: Complete Guide for Sleep Changes | Snooze,70,long,"Beat the 4-month sleep regression with evidence-based strategies. Self-paced course for 3-4 month babies. Fix cat naps, hourly wakes, and build better sleep. Lifetime access. Created by paediatric nurse and certified sleep consultant.",234,long,https://www.joinsnooze.com/3-4-month-baby-sleep-course,N,https://kajabi-storefronts-production.kajabi-cdn.com/kajabi-storefronts-production/file-uploads/sites/2148291177/images/035dd7-6f5e-8e07-b5a-1e06488ec07_3-4_Month_Course.jpg,,,,3-4 Month Baby Sleep Course | Snooze,"Self-paced 3-4 month baby sleep course from Snooze. Ease the 4-month regression, fix cat naps and hourly wakes, and build better sleep. Access with the Snooze Membership.",
3-4-month-baby-sleep-course-terms-and-conditions,https://www.joinsnooze.com/3-4-month-baby-sleep-course-terms-and-conditions,2150314925,landing_pages,published,200,The 3-4 Month Baby Sleep Course Terms and Conditions,52,ok,,0,missing,https://www.joinsnooze.com/3-4-month-baby-sleep-course-terms-and-conditions,N,,seo_description;social_image,0.0,0.0,,,
3-4-month-baby-sleep-help,https://www.joinsnooze.com/3-4-month-baby-sleep-help,,,,200,3-4 Month Sleep Regression: How to Help Your Baby Sleep Better,62,long,"Is your 3-4 month old suddenly waking more? Learn about the 4-month sleep regression, why it happens, and gentle ways to help your baby sleep better. Expert guidance on sleep training readiness and managing short naps.",218,long,https://www.joinsnooze.com/3-4-month-baby-sleep-help,N,https://kajabi-storefronts-production.kajabi-cdn.com/kajabi-storefronts-production/file-uploads/sites/2148291177/images/c226ee-7dd-2f2-66ee-a414d853c6bf_TSC_-_Age_Ranges_Social_Images.jpg,,,,,,
3-4-month-masterclass-replay,https://www.joinsnooze.com/3-4-month-masterclass-replay,,,,200,3-4 Month Baby Sleep Training Masterclass | Stop 4-Month Regression,67,long,Get a proven plan for better baby sleep with The 3-4 Month Baby Sleep Training Masterclass by The Sleep Concierge. This free masterclass offers an introduction to sleep training for your baby and links to expert support to help beat the 4-month regression and cut night wakes.,276,long,https://www.joinsnooze.com/3-4-month-masterclass-replay,Y,https://kajabi-storefronts-production.kajabi-cdn.com/kajabi-storefronts-production/file-uploads/sites/2148291177/images/d83ca6-385f-1752-4d88-a620da1cb1d_Sleep_TRAINING_Masterclass_Thumb.jpg,,,,,,
4-month-sleep-regression-survival-guide,https://www.joinsnooze.com/4-month-sleep-regression-survival-guide,,,,200,FREE: Surviving the 4 Month Sleep Regression | The Sleep Concierge,66,long,Get your free guide to surviving the 4 month sleep regression. Discover the science behind your baby,100,short,https://www.joinsnooze.com/4-month-sleep-regression-survival-guide,N,https://kajabi-storefronts-production.kajabi-cdn.com/kajabi-storefronts-production/file-uploads/sites/2148291177/images/cdb5cb5-f65-bbb3-0cd0-8bc46df85d4_086adff4-4a1c-4255-97e6-494d51ce9983.png,,,,,,
5-12-month-baby-sleep-course,https://www.joinsnooze.com/5-12-month-baby-sleep-course,,,,200,5-12 Month Baby Sleep Course: Handle Every Tricky Moment | Snooze,65,long,"A self-paced course covering wake windows, nap transitions, and gentle strategies for building independent sleep skills during the 5-12 month stage. Includes 23 lessons and downloadable resources.",196,long,https://www.joinsnooze.com/5-12-month-baby-sleep-course,N,https://kajabi-storefronts-production.kajabi-cdn.com/kajabi-storefronts-production/file-uploads/sites/2148291177/images/875515c-88ef-f6dd-1154-081f27fff2ab_5-12_Month_Guide.jpg,,,,,,
5-12-month-baby-sleep-help,https://www.joinsnooze.com/5-12-month-baby-sleep-help,,,,200,5-12 Month Baby Sleep Help: Fix Early Rising & Nap Transitions,62,long,"Struggling with early rising or nap transitions? Get expert help for 5-12 month babies. Learn how to fix 5am wake-ups, manage nap schedules, and navigate sleep regressions. Practical, gentle strategies that work.",212,long,https://www.joinsnooze.com/5-12-month-baby-sleep-help,N,https://kajabi-storefronts-production.kajabi-cdn.com/kajabi-storefronts-production/file-uploads/sites/2148291177/images/6fc0e76-0fd-f343-2410-3535c15f855e_TSC_-_Age_Ranges_Social_Images_1_.jpg,,,,,,
about,https://www.joinsnooze.com/about,,,,200,Snooze | Sleep Help for the Modern Parent,41,ok,"Get clear, evidence-based sleep guidance for your baby. The Snooze Method helps tired parents reduce night wakes and extend naps. Join Snooze today.",148,ok,https://www.joinsnooze.com,Y,https://kajabi-storefronts-production.kajabi-cdn.com/kajabi-storefronts-production/file-uploads/sites/2148291177/images/5a0acc0-1-35b-0af-fbf7748ab0a_Snooze_x_TSC_-_coral_web.png,,,,,,
about-sally,https://www.joinsnooze.com/about-sally,2154679198,website_pages,published,200,About | The Sleep Concierge,27,short,Learn more about The Sleep Concierge – your trusted expert sleep advice and review source. We are dedicated to helping mothers and babies achieve restful nights with reliable tips and recommendations,199,long,https://www.joinsnooze.com/about-sally,N,https://kajabi-storefronts-production.kajabi-cdn.com/kajabi-storefronts-production/file-uploads/sites/2148291177/images/5a0acc0-1-35b-0af-fbf7748ab0a_Snooze_x_TSC_-_coral_web.png,social_image,0.0,0.0,,,
account,https://www.joinsnooze.com/account,,,,404,Not Found (404),15,short,,0,missing,https://www.joinsnooze.com/account,N,,,,,,,
author/sally-woods,https://www.joinsnooze.com/author/sally-woods,2155672758,website_pages,published,200,"Sally Woods - Founder, Sleep Expert and Owner of The Sleep Concierge",68,long,"Sally Woods, founder of The Sleep Concierge, renowned sleep expert, and author. Discover her passion for helping families achieve better sleep through expert guidance and proven strategies.",189,long,https://www.joinsnooze.com/author/sally-woods,N,https://kajabi-storefronts-production.kajabi-cdn.com/kajabi-storefronts-production/file-uploads/sites/2148291177/images/5a0acc0-1-35b-0af-fbf7748ab0a_Snooze_x_TSC_-_coral_web.png,social_image,0.0,0.0,Sally Woods | Founder of The Sleep Concierge,"Sally Woods is the founder of The Sleep Concierge and Snooze, a certified sleep consultant and former paediatric nurse helping families get better sleep.",
baby-sleep-glossary,https://www.joinsnooze.com/baby-sleep-glossary,2152090144,landing_pages,published,200,Sleep & Parenting Glossary | Snooze,35,ok,"Plain-language definitions for the baby sleep and parenting terms parents search for, from wake windows to sleep regressions to contact naps. Written by Sally Woods, paediatric nurse and certified sleep consultant.",214,long,https://www.joinsnooze.com/baby-sleep-glossary,Y,,social_image,0.0,0.0,,,
blog,https://www.joinsnooze.com/blog,,,,200,The Sleep Concierge Blog: Expert Baby & Toddler Sleep Advice,60,ok,"Get expert sleep tips and advice for babies and toddlers from The Sleep Concierge blog. Discover strategies for tackling sleep regressions, establishing healthy sleep habits, and creating a safe sleep environment. Find the support you need for better sleep at every stage.",272,long,https://www.joinsnooze.com/blog,N,https://kajabi-storefronts-production.kajabi-cdn.com/kajabi-storefronts-production/file-uploads/sites/2148291177/images/8fbe828-467-b52e-3d4-e621ac2d627_06612631-7148-4783-88a1-620396ec0576.jpeg,,,,,,
blog/4-month-regression-or-progression,https://www.joinsnooze.com/blog/4-month-regression-or-progression,,,,200,"4-Month Sleep Regression Explained: Causes, Signs, and Solutions",64,long,"The 4-month sleep regression can be challenging for parents. Learn about its causes, signs, and practical tips to help your baby adjust and develop healthy sleep habits.",169,long,https://www.joinsnooze.com/blog/4-month-regression-or-progression,N,https://kajabi-storefronts-production.kajabi-cdn.com/kajabi-storefronts-production/file-uploads/blogs/2147772521/images/eb15ea8-bed8-3dd0-2da7-4e3862a08fa2_four-month-sleep-regression-progression-66f928cdc0963.webp,,,,,,
blog/7-tips-for-maintaining-you-babys-sleep-while-travelling,https://www.joinsnooze.com/blog/7-tips-for-maintaining-you-babys-sleep-while-travelling,,,,200,Essential Tips for Traveling with a Baby During the Holidays,60,ok,"Planning a holiday with your baby? Discover practical tips for managing sleep schedules, packing essentials, and ensuring a fun, memorable experience for the whole family. Enjoy your summer adventures in Australia!",214,long,https://www.joinsnooze.com/blog/7-tips-for-maintaining-you-babys-sleep-while-travelling,N,https://kajabi-storefronts-production.kajabi-cdn.com/kajabi-storefronts-production/file-uploads/blogs/2147772521/images/d167e6-02e3-7182-5618-7fea436aace3_sleep-tips-for-travelling-66f92651d75be.webp,,,,,,
blog/all-about-the-8-10-month-sleep-regression,https://www.joinsnooze.com/blog/all-about-the-8-10-month-sleep-regression,,,,200,Understanding the 8-10 Month Sleep Regression in Babies,55,ok,"Is your baby experiencing sleep issues at 8-10 months? Learn about the causes of sleep regression, including developmental milestones and nap transitions, and discover effective strategies to help your little one sleep better.",226,long,https://www.joinsnooze.com/blog/all-about-the-8-10-month-sleep-regression,N,https://kajabi-storefronts-production.kajabi-cdn.com/kajabi-storefronts-production/file-uploads/sites/2148291177/images/f285667-cda7-ddb-d7e-4e2a3cc3076a_sleep-regression-8-10-months.jpg,,,,,,
blog/baby-catnaps-tips-guide,https://www.joinsnooze.com/blog/baby-catnaps-tips-guide,,,,200,Conquer Baby Catnaps: Essential Tips for Restful Days,53,ok,Struggling with your baby,25,short,https://www.joinsnooze.com/blog/baby-catnaps-tips-guide,N,https://kajabi-storefronts-production.kajabi-cdn.com/kajabi-storefronts-production/file-uploads/blogs/2147772521/images/4ce05d-4518-d05f-7ba8-33f37b0e415d_outsmarting-catnap-challenge.webp,,,,,,
blog/baby-sleep-schedule-wake-windows-vs-clock-schedules,https://www.joinsnooze.com/blog/baby-sleep-schedule-wake-windows-vs-clock-schedules,,,,200,Right Balance: Wake Windows vs. Clock-Based Schedules for Babys,63,long,"Learn how to balance wake windows and clock-based schedules for your baby’s sleep, ensuring they get the rest they need while easing your parenting journey.",156,ok,https://www.joinsnooze.com/blog/baby-sleep-schedule-wake-windows-vs-clock-schedules,N,https://kajabi-storefronts-production.kajabi-cdn.com/kajabi-storefronts-production/file-uploads/blogs/2147772521/images/320bb1e-8a1-ddc6-f0fd-c45a036633_clock-based-wake-window-schedule.webp,,,,,,
blog/babyzen-yoyo-travel-stroller-review-you-can-stop-googling-now-this-is-the-stroller-for-you,https://www.joinsnooze.com/blog/babyzen-yoyo-travel-stroller-review-you-can-stop-googling-now-this-is-the-stroller-for-you,,,,200,BabyZen Yoyo+ Stroller Review: The Ultimate Travel Companion,60,ok,"Find out why the BabyZen Yoyo+ is the must-have travel stroller for families. Lightweight, compact, and perfect for adventures!",127,ok,https://www.joinsnooze.com/blog/babyzen-yoyo-travel-stroller-review-you-can-stop-googling-now-this-is-the-stroller-for-you,N,https://kajabi-storefronts-production.kajabi-cdn.com/kajabi-storefronts-production/file-uploads/blogs/2147772521/images/5b3c54b-40b3-38fb-c81-636cbdd822c_Sally_and_Kade_s_baby_lying_on_BabyZen_Yoyo_Travel_Stroller_.webp,,,,,,
blog/create-meaningful-morning-rituals-for-baby,https://www.joinsnooze.com/blog/create-meaningful-morning-rituals-for-baby,,,,200,Create Meaningful Morning Rituals for Your Baby,47,ok,"Learn how joyful morning rituals create a nurturing sleep space for your baby, fostering love, security, and better sleep habits.",129,ok,https://www.joinsnooze.com/blog/create-meaningful-morning-rituals-for-baby,N,https://kajabi-storefronts-production.kajabi-cdn.com/kajabi-storefronts-production/file-uploads/blogs/2147772521/images/f11b2c5-245d-b7ab-af04-164f2d07055e_morning-rituals-66f7a89f5a99a.webp,,,,,,
blog/cubo-ai-smart-baby-monitor-review-with-discount,https://www.joinsnooze.com/blog/cubo-ai-smart-baby-monitor-review-with-discount,,,,200,"Cubo Ai Baby Monitor Review: Features, Setup, and Personal Experience",69,long,"Explore a detailed review of the Cubo Ai Smart Baby Monitor, highlighting its features like video quality, user-friendly app, and real-life experiences from a mother of two. Discover how it can enhance your parenting journey.",225,long,https://www.joinsnooze.com/blog/cubo-ai-smart-baby-monitor-review-with-discount,N,https://kajabi-storefronts-production.kajabi-cdn.com/kajabi-storefronts-production/file-uploads/sites/2148291177/images/b66383e-11c7-eb83-c6e0-16b5ef2f37f4_IMG_1679-scaled.jpg,,,,,,
blog/developing-positive-cot-association-with-your-baby,https://www.joinsnooze.com/blog/developing-positive-cot-association-with-your-baby,,,,200,Create a Positive Sleep Environment for Your Baby,49,ok,Is your baby anxious about bedtime? Learn how to turn your nursery into a fun space that fosters positive sleep associations. Engage your little one with playful activities and transform their sleep experience.,210,long,https://www.joinsnooze.com/blog/developing-positive-cot-association-with-your-baby,N,https://kajabi-storefronts-production.kajabi-cdn.com/kajabi-storefronts-production/file-uploads/sites/2148291177/images/dc60f8f-f341-65e-11ca-7d73e45e5b2a_positive-cot-association.jpg,,,,,,
blog/dr-harvey-karps-5-ss-to-soothe-your-crying-baby,https://www.joinsnooze.com/blog/dr-harvey-karps-5-ss-to-soothe-your-crying-baby,,,,200,The 5 S's for Calming Babies: Techniques by Dr. Harvey Karp,59,ok,Learn how to soothe your fussy baby using Dr. Harvey Karp,57,short,https://www.joinsnooze.com/blog/dr-harvey-karps-5-ss-to-soothe-your-crying-baby,N,https://kajabi-storefronts-production.kajabi-cdn.com/kajabi-storefronts-production/file-uploads/sites/2148291177/images/ed807f6-7dd4-1822-200c-e2efcb686433_harvey-karp-5Ss-new.jpg,,,,,,
blog/dressing-baby-for-bedtime,https://www.joinsnooze.com/blog/dressing-baby-for-bedtime,,,,200,How to Dress Your Baby for Bedtime: A Guide for Better Sleep,60,ok,"Learn how to dress your baby for bedtime to ensure comfortable and safe sleep. Discover tips on layering, materials, and temperature. Plus, get an easy-to-follow infographic from The Sleep Concierge",198,long,https://www.joinsnooze.com/blog/dressing-baby-for-bedtime,N,https://kajabi-storefronts-production.kajabi-cdn.com/kajabi-storefronts-production/file-uploads/sites/2148291177/images/481fb3d-fa45-c15f-dce7-e1ba2dbf43d_63939653-ea20-419d-8c63-e30f07b3d81b.jpg,,,,,,
blog/glow-dreaming-white-noise-review,https://www.joinsnooze.com/blog/glow-dreaming-white-noise-review,,,,200,Why Pink Noise is Essential for Your Baby's Sleep,49,ok,"find out how pink noise mimics womb sounds, calms babies, and enhances sleep quality in your nursery",100,short,https://www.joinsnooze.com/blog/glow-dreaming-white-noise-review,N,https://kajabi-storefronts-production.kajabi-cdn.com/kajabi-storefronts-production/file-uploads/blogs/2147772521/images/c8f45-8ed3-5815-115b-6a1afe0a064c_white-noise-66f7a2483e1c7.webp,,,,,,
blog/guide-to-self-settling-sleep-cycles,https://www.joinsnooze.com/blog/guide-to-self-settling-sleep-cycles,,,,200,Transform Your Baby's Sleep: Essential Guide for 5-12 Month Olds,64,long,Struggling with your baby,25,short,https://www.joinsnooze.com/blog/guide-to-self-settling-sleep-cycles,N,https://kajabi-storefronts-production.kajabi-cdn.com/kajabi-storefronts-production/file-uploads/blogs/2147772521/images/43f0a8-313-1dbf-b64f-d748df573a2_self-settling-joint-cycles-sleep-schedule-66f923672f00c.webp,,,,,,
blog/how-to-do-skin-to-skin-without-breastfeeding,https://www.joinsnooze.com/blog/how-to-do-skin-to-skin-without-breastfeeding,,,,200,How to do skin to skin without breastfeeding,44,ok,"Learn effective ways to enjoy skin-to-skin contact with your baby beyond birth and breastfeeding. Enhance your connection with these simple, practical tips.",156,ok,https://www.joinsnooze.com/blog/how-to-do-skin-to-skin-without-breastfeeding,N,https://kajabi-storefronts-production.kajabi-cdn.com/kajabi-storefronts-production/file-uploads/sites/2148291177/images/4f27c-d80f-0b85-f8a-0d2fb61f6ed_skin-on-skin-without-breastfeeding.jpg,,,,,,
blog/how-to-make-change-when-the-4-month-sleep-regressions-hits,https://www.joinsnooze.com/blog/how-to-make-change-when-the-4-month-sleep-regressions-hits,,,,200,4-Month Sleep Shift: A Guide for New Parents,44,ok,"Understand the 4-month sleep shift in babies and its significance. Get practical tips for supporting your little one through this natural developmental phase, promoting independent sleep, and creating a calming sleep environment.",229,long,https://www.joinsnooze.com/blog/how-to-make-change-when-the-4-month-sleep-regressions-hits,N,https://kajabi-storefronts-production.kajabi-cdn.com/kajabi-storefronts-production/file-uploads/sites/2148291177/images/eadd5f6-cfea-aaef-67f-8561adfeb386_4-month-sleep-shift.jpg,,,,,,
blog/how-to-manage-your-babys-reflux-and-sleep,https://www.joinsnooze.com/blog/how-to-manage-your-babys-reflux-and-sleep,,,,200,Reflux in Babies: How It Affects Sleep and Solutions for Parents,64,long,Explore the challenges of reflux in babies and its impact on sleep. Learn effective strategies to help your baby find comfort and improve sleep quality while managing reflux symptoms.,183,long,https://www.joinsnooze.com/blog/how-to-manage-your-babys-reflux-and-sleep,N,https://kajabi-storefronts-production.kajabi-cdn.com/kajabi-storefronts-production/file-uploads/sites/2148291177/images/f2c00f-ec04-64ee-e667-70df77e70fd3_reflux-and-sleep-babies.jpg,,,,,,
blog/my-honest-snoo-experience-and-review,https://www.joinsnooze.com/blog/my-honest-snoo-experience-and-review,,,,200,My Honest Snoo Experience & Review: What Worked and What Didn’t,63,long,"A detailed, personal review of my experience using the Snoo for newborn sleep support. Learn what worked, what didn’t, and how I approached the transition out of the Snoo.",171,long,https://www.joinsnooze.com/blog/my-honest-snoo-experience-and-review,N,https://kajabi-storefronts-production.kajabi-cdn.com/kajabi-storefronts-production/file-uploads/sites/2148291177/images/a3c0eb1-f74c-614-b7e7-ac1bb407b8c_Screenshot_2025-04-01_at_6.25.05_am.png,,,,,,
blog/my-snoo-review,https://www.joinsnooze.com/blog/my-snoo-review,,,,200,Overcoming Postpartum Struggles: How the Snoo Bassinet Helped Me,64,long,Explore my postpartum journey after a challenging birth experience. You can learn how this Snoo bassinet helped me to take care of my newborn child alongside my recovery as a mother.,182,long,https://www.joinsnooze.com/blog/my-snoo-review,N,https://kajabi-storefronts-production.kajabi-cdn.com/kajabi-storefronts-production/file-uploads/sites/2148291177/images/b1de363-ecfa-fead-087f-bf362c05df2_ProductShotPinkRoom_600x.jpg,,,,,,
blog/mystery-of-missing-third-nap-early-rising,https://www.joinsnooze.com/blog/mystery-of-missing-third-nap-early-rising,,,,200,The Missing Third Nap: Why Early Bedtime Leads to 4AM Wakings,61,long,Learn why dropping your baby,28,short,https://www.joinsnooze.com/blog/mystery-of-missing-third-nap-early-rising,N,https://kajabi-storefronts-production.kajabi-cdn.com/kajabi-storefronts-production/file-uploads/sites/2148291177/images/a32072d-c243-dbf-85d5-64f1c5578f5_bd2b0e14-e0ab-4ecb-9cec-6dfd5d5ff1e0.jpg,,,,,,
blog/navigating-childcare-and-your-childs-sleep-routine,https://www.joinsnooze.com/blog/navigating-childcare-and-your-childs-sleep-routine,,,,200,Expert Tips for Navigating Your Child's Sleep Routine at Childcare,66,long,"Most effective strategies to ensure your baby adapts to sleep at childcare. Learn how to communicate with educators, replicate home comfort, and manage nap transitions for a smoother experience.",194,long,https://www.joinsnooze.com/blog/navigating-childcare-and-your-childs-sleep-routine,N,https://kajabi-storefronts-production.kajabi-cdn.com/kajabi-storefronts-production/file-uploads/sites/2148291177/images/75ccbb6-ad5-1d6f-3fac-57d4e5c785ca_3225407a-d8ec-42ab-96cb-b452144b2a0b.webp,,,,,,
blog/navigating-split-nights-a-guide-for-parents,https://www.joinsnooze.com/blog/navigating-split-nights-a-guide-for-parents,,,,200,"Split Nights in Babies: Causes, Tips, and Solutions for Better Sleep",68,long,A split night refers to when a baby wakes up in the middle of the night for an extended period—often several hours—before returning to sleep.,141,ok,https://www.joinsnooze.com/blog/navigating-split-nights-a-guide-for-parents,N,https://kajabi-storefronts-production.kajabi-cdn.com/kajabi-storefronts-production/file-uploads/blogs/2147772521/images/2c37cb2-c18-2a72-8731-ecd81e485062_split_nights_guide_parents.webp,,,,,,
blog/newborn-babys-and-naps,https://www.joinsnooze.com/blog/newborn-babys-and-naps,,,,200,Essential Newborn Sleep Tips: Embrace the Fourth Trimester,58,ok,"Navigate newborn sleep challenges with expert advice from a seasoned sleep consultant and mother. Practical tips on swaddling, wake windows, and bonding to support your baby",173,long,https://www.joinsnooze.com/blog/newborn-babys-and-naps,N,https://kajabi-storefronts-production.kajabi-cdn.com/kajabi-storefronts-production/file-uploads/blogs/2147772521/images/01e2803-bdd8-8c25-e44-a15ed8e2582c_newborn_and_naps.webp,,,,,,
blog/newborn-sleep-and-the-fourth-trimester,https://www.joinsnooze.com/blog/newborn-sleep-and-the-fourth-trimester,,,,200,Newborn Sleep Tips for the Fourth Trimester: A Guide for New Parents,68,long,"Discover essential tips for managing newborn sleep during the fourth trimester. Learn about routines, swaddling, white noise, and recognizing tired signs to help your baby adjust and thrive in their new world.",209,long,https://www.joinsnooze.com/blog/newborn-sleep-and-the-fourth-trimester,N,https://kajabi-storefronts-production.kajabi-cdn.com/kajabi-storefronts-production/file-uploads/blogs/2147772521/images/3e12feb-80b4-825-f563-f0150eaed7_newborn_sleep_fourth_trimester.webp,,,,,,
blog/shifting-your-babys-bedtime-for-daylight-savings,https://www.joinsnooze.com/blog/shifting-your-babys-bedtime-for-daylight-savings,,,,200,Adjust Your Baby's Sleep Schedule for Daylight Savings: Get your Tips!,70,long,Discover effective strategies to adjust your baby,49,short,https://www.joinsnooze.com/blog/shifting-your-babys-bedtime-for-daylight-savings,N,https://kajabi-storefronts-production.kajabi-cdn.com/kajabi-storefronts-production/file-uploads/blogs/2147772521/images/c1406-1276-2bf3-e356-f3e5177f4a0d_daylight_savings_sleep_guide.webp,,,,,,
blog/should-we-discourage-babys-thumb-and-finger-sucking,https://www.joinsnooze.com/blog/should-we-discourage-babys-thumb-and-finger-sucking,,,,200,Your baby Sucking Finger? Is It Time to Say No? or need to overlook,67,long,Get the scoop on thumb and finger-sucking in babies. Learn why this habit can be comforting and what you should think about before trying to stop it.,149,ok,https://www.joinsnooze.com/blog/should-we-discourage-babys-thumb-and-finger-sucking,N,https://kajabi-storefronts-production.kajabi-cdn.com/kajabi-storefronts-production/file-uploads/blogs/2147772521/images/1a46fc4-7aa7-a27c-861c-ff28d81c5808_finger_thumb_sucking_photo.webp,,,,,,
blog/sick-babies-and-sleep,https://www.joinsnooze.com/blog/sick-babies-and-sleep,,,,200,What you should do with sleep when my baby is sick?,51,ok,"Learn how to support your sick baby’s sleep needs with extra care, cuddles, and practical tips. Find the balance between their comfort and your peace of mind during illness.",173,long,https://www.joinsnooze.com/blog/sick-babies-and-sleep,N,https://kajabi-storefronts-production.kajabi-cdn.com/kajabi-storefronts-production/file-uploads/blogs/2147772521/images/24b486c-6b33-7bd2-b7c8-0c7086773cb6_sleep_when_baby_is_sick.webp,,,,,,
blog/stop-4-month-babies-sleep-regression-fear,https://www.joinsnooze.com/blog/stop-4-month-babies-sleep-regression-fear,,,,200,The 4-Month Sleep Regression in Babies: Causes and Solutions,60,ok,"Learn about the 4-month sleep regression, its causes, and effective strategies to support your baby during this developmental phase. Establish healthy sleep habits for better nights.
Related",190,long,https://www.joinsnooze.com/blog/stop-4-month-babies-sleep-regression-fear,N,https://kajabi-storefronts-production.kajabi-cdn.com/kajabi-storefronts-production/file-uploads/sites/2148291177/images/ece7067-a3ad-b856-e686-3721a1cb3f3_stop-4-month-fear.jpg,,,,,,
blog/stop-swaddle-time-for-your-baby,https://www.joinsnooze.com/blog/stop-swaddle-time-for-your-baby,,,,200,"Steps to stop your baby's Swaddle time while sleeping, pros and cons",68,long,"Discover the joys of swaddling your baby! Learn about its benefits, pros & cons, safety tips, and the best swaddles on the market, including the Love To Dream Swaddle Up.",170,long,https://www.joinsnooze.com/blog/stop-swaddle-time-for-your-baby,N,https://kajabi-storefronts-production.kajabi-cdn.com/kajabi-storefronts-production/file-uploads/blogs/2147772521/images/3d74c55-64e3-0bbd-33de-5f04b6563f8_stop_swaddle_time.webp,,,,,,
blog/supporting-parents-of-rainbow-babies,https://www.joinsnooze.com/blog/supporting-parents-of-rainbow-babies,,,,200,Honoring Pregnancy and Infant Loss Awareness Month,50,ok,"Acknowledge the journey of parents raising rainbow babies after loss, with support resources and insights on navigating grief and parenting challenges.",151,ok,https://www.joinsnooze.com/blog/supporting-parents-of-rainbow-babies,N,https://kajabi-storefronts-production.kajabi-cdn.com/kajabi-storefronts-production/file-uploads/blogs/2147772521/images/d3142ea-5f17-4f13-1b50-b5274b5821_parents-rainbow-babies.webp,,,,,,
blog/the-power-of-calm-but-awake-for-babies,https://www.joinsnooze.com/blog/the-power-of-calm-but-awake-for-babies,,,,200,The Benefits of Calm But Awake for Baby Sleep,45,ok,Discover how the,16,short,https://www.joinsnooze.com/blog/the-power-of-calm-but-awake-for-babies,N,https://kajabi-storefronts-production.kajabi-cdn.com/kajabi-storefronts-production/file-uploads/blogs/2147772521/images/28f63d-7ba8-1c71-03d2-1e8c4a536d54_power-of-calm-but-awake.webp,,,,,,
blog/tips-for-managing-baby-early-wake-ups,https://www.joinsnooze.com/blog/tips-for-managing-baby-early-wake-ups,,,,200,Effective Strategies for Managing Early Morning Wake-Ups in Babies,66,long,"Struggling with your baby’s early wake-ups? Explore practical tips on adjusting sleep schedules, optimizing naptime, and creating a calming sleep environment to help your little one sleep longer. Embrace these fleeting moments while ensuring restful nights for both you and your baby.",284,long,https://www.joinsnooze.com/blog/tips-for-managing-baby-early-wake-ups,N,https://kajabi-storefronts-production.kajabi-cdn.com/kajabi-storefronts-production/file-uploads/sites/2148291177/images/7d53244-b3-bdf-1a4-6abc0d7b6a_How-do-I-get-my-baby-to-stop-waking-at-5am.jpg,,,,,,
blog/transitioning-your-baby-from-2-naps-to-1,https://www.joinsnooze.com/blog/transitioning-your-baby-from-2-naps-to-1,,,,200,Making the Switch from Two Naps to One for Your Baby's Health,61,long,"Find out how to help your baby transition from two naps to one, with tips on timing and creating a smoother sleep routine.",122,ok,https://www.joinsnooze.com/blog/transitioning-your-baby-from-2-naps-to-1,N,https://kajabi-storefronts-production.kajabi-cdn.com/kajabi-storefronts-production/file-uploads/blogs/2147772521/images/2b4ddb-c605-d2f-ad8-b3acf2f68b52_2-1-nap-transition.webp,,,,,,
blog/what-are-assisted-sleep-associations,https://www.joinsnooze.com/blog/what-are-assisted-sleep-associations,,,,200,Causes and how to address Assisted Sleep Associations in Children,65,long,Learn what assisted sleep associations are & effective strategies to help your child sleep independently for a restful night.,125,ok,https://www.joinsnooze.com/blog/what-are-assisted-sleep-associations,N,https://kajabi-storefronts-production.kajabi-cdn.com/kajabi-storefronts-production/file-uploads/blogs/2147772521/images/40b8d67-553-821f-54c-fd15c0f8aa_assisted-sleep-associations.webp,,,,,,
blog/when-to-lower-the-cot-mattress,https://www.joinsnooze.com/blog/when-to-lower-the-cot-mattress,,,,200,When to Lower the Cot Mattress for Baby Safety,46,ok,Learn when to lower your baby,29,short,https://www.joinsnooze.com/blog/when-to-lower-the-cot-mattress,N,https://kajabi-storefronts-production.kajabi-cdn.com/kajabi-storefronts-production/file-uploads/blogs/2147772521/images/7260a4-aa5f-b2d-82e-ef70bd1bbda1_cot_mattress.webp,,,,,,
blog/why-am-i-the-sleep-concierge,https://www.joinsnooze.com/blog/why-am-i-the-sleep-concierge,,,,200,Why am I The Sleep Concierge?,29,short,"Discover personalized sleep guidance with The Sleep Concierge. I offer a holistic approach that considers diet, environment, and emotional well-being, with phone and online consultations to ensure you and your baby achieve restful sleep. Experience the ultimate support for a peaceful night’s rest",297,long,https://www.joinsnooze.com/blog/why-am-i-the-sleep-concierge,N,https://kajabi-storefronts-production.kajabi-cdn.com/kajabi-storefronts-production/file-uploads/sites/2148291177/images/416ade8-11da-62d7-2dbc-32d6ccc0eb_c233aa09-e384-4a48-a002-148338107ec5.webp,,,,,,
blog/will-my-baby-cry-when-making-sleep-changes-lets-talk-about-it,https://www.joinsnooze.com/blog/will-my-baby-cry-when-making-sleep-changes-lets-talk-about-it,,,,200,Will My Baby Cry When Making Sleep Changes?,43,ok,Learn why babies cry during sleep training and how to go through this transition effectively for a smoother experience for your baby,132,ok,https://www.joinsnooze.com/blog/will-my-baby-cry-when-making-sleep-changes-lets-talk-about-it,N,https://kajabi-storefronts-production.kajabi-cdn.com/kajabi-storefronts-production/file-uploads/blogs/2147772521/images/f724515-601-dba5-bc63-4522238b7cf_baby-crying-sleep-changes-66f7a05027c25.webp,,,,,,
camp-snooze-sleep-coaching,https://www.joinsnooze.com/camp-snooze-sleep-coaching,,,,200,Camp Snooze | 2-Week Virtual Baby Sleep Training with Sally & Bec,65,long,"Join Camp Snooze for two weeks of intensive sleep training with daily coaching, personalized plans, and expert support. Limited to 6 families per intake.",153,ok,https://www.joinsnooze.com/camp-snooze-sleep-coaching,N,https://kajabi-storefronts-production.kajabi-cdn.com/kajabi-storefronts-production/file-uploads/sites/2148291177/images/8e8ed31-ae0-7bd5-cf14-bb74a454155c_85917313-bc0c-408a-9f23-a5429d5ada5f.png,,,,,,
cdn-cgi/l/email-protection,https://www.joinsnooze.com/cdn-cgi/l/email-protection,,,,404,Email Protection | Cloudflare,29,short,,0,missing,,N,,,,,,,
contact,https://www.joinsnooze.com/contact,2154679194,website_pages,published,200,Contact,7,short,"Get clear, evidence-based sleep guidance for your baby. The Snooze Method helps tired parents reduce night wakes and extend naps. Join Snooze today.",148,ok,https://www.joinsnooze.com/contact,N,https://kajabi-storefronts-production.kajabi-cdn.com/kajabi-storefronts-production/file-uploads/sites/2148291177/images/5a0acc0-1-35b-0af-fbf7748ab0a_Snooze_x_TSC_-_coral_web.png,seo_description;social_image,0.0,0.0,,,
downloads/baby-sleep-guide-5-to-12-months,https://www.joinsnooze.com/downloads/baby-sleep-guide-5-to-12-months,,,,200,Snooze | Sleep Help for the Modern Parent,41,ok,"Get clear, evidence-based sleep guidance for your baby. The Snooze Method helps tired parents reduce night wakes and extend naps. Join Snooze today.",148,ok,https://www.joinsnooze.com/login,N,https://kajabi-storefronts-production.kajabi-cdn.com/kajabi-storefronts-production/file-uploads/sites/2148291177/images/5a0acc0-1-35b-0af-fbf7748ab0a_Snooze_x_TSC_-_coral_web.png,,,,,,
downloads/catnapping-guide,https://www.joinsnooze.com/downloads/catnapping-guide,,,,200,Snooze | Sleep Help for the Modern Parent,41,ok,"Get clear, evidence-based sleep guidance for your baby. The Snooze Method helps tired parents reduce night wakes and extend naps. Join Snooze today.",148,ok,https://www.joinsnooze.com/login,N,https://kajabi-storefronts-production.kajabi-cdn.com/kajabi-storefronts-production/file-uploads/sites/2148291177/images/5a0acc0-1-35b-0af-fbf7748ab0a_Snooze_x_TSC_-_coral_web.png,,,,,,
downloads/newborn-sleep-guide-by-the-sleep-concierge,https://www.joinsnooze.com/downloads/newborn-sleep-guide-by-the-sleep-concierge,,,,200,Snooze | Sleep Help for the Modern Parent,41,ok,"Get clear, evidence-based sleep guidance for your baby. The Snooze Method helps tired parents reduce night wakes and extend naps. Join Snooze today.",148,ok,https://www.joinsnooze.com/login,N,https://kajabi-storefronts-production.kajabi-cdn.com/kajabi-storefronts-production/file-uploads/sites/2148291177/images/5a0acc0-1-35b-0af-fbf7748ab0a_Snooze_x_TSC_-_coral_web.png,,,,,,
downloads/the-roadmap-to-a-smooth-3-to-2-nap-transition-6-9-month-old-babies,https://www.joinsnooze.com/downloads/the-roadmap-to-a-smooth-3-to-2-nap-transition-6-9-month-old-babies,,,,200,Snooze | Sleep Help for the Modern Parent,41,ok,"Get clear, evidence-based sleep guidance for your baby. The Snooze Method helps tired parents reduce night wakes and extend naps. Join Snooze today.",148,ok,https://www.joinsnooze.com/login,N,https://kajabi-storefronts-production.kajabi-cdn.com/kajabi-storefronts-production/file-uploads/sites/2148291177/images/5a0acc0-1-35b-0af-fbf7748ab0a_Snooze_x_TSC_-_coral_web.png,,,,,,
free-4-month-regression-masterclass-signup,https://www.joinsnooze.com/free-4-month-regression-masterclass-signup,,,,200,Free 4-Month Sleep Regression Masterclass,41,ok,"Is your 3–4 month-old suddenly waking every hour? Sign up for Sally Woods’ free 20-minute masterclass and learn gentle, evidence-based steps to dodge the 4-month regression and set up 12-hour nights—plus get a limited-time discount on the 3-4 Month Sleep Course.",262,long,https://www.joinsnooze.com/free-4-month-regression-masterclass-signup,N,https://kajabi-storefronts-production.kajabi-cdn.com/kajabi-storefronts-production/file-uploads/sites/2148291177/images/d83ca6-385f-1752-4d88-a620da1cb1d_Sleep_TRAINING_Masterclass_Thumb.jpg,,,,,,
get-great-baby-sleep,https://www.joinsnooze.com/get-great-baby-sleep,,,,404,Not Found (404),15,short,,0,missing,https://www.joinsnooze.com/get-great-baby-sleep,N,,,,,,,
links,https://www.joinsnooze.com/links,,,,200,Snooze by The Sleep Concierge | Essential Links for Better Baby Sleep,69,long,"Get expert baby sleep resources from Snooze by The Sleep Concierge. Find guides, courses, and personalised support to help your little one (and you!) get the rest you need. Access all our key links in one place.",211,long,https://www.joinsnooze.com/links,N,https://kajabi-storefronts-production.kajabi-cdn.com/kajabi-storefronts-production/file-uploads/sites/2148291177/images/e3a6c0d-0b20-562b-87d2-8aea75e865b2_e22b7394-3787-4ebf-b611-400efa33f109.jpg,,,,,,
login,https://www.joinsnooze.com/login,,,,200,Snooze | Sleep Help for the Modern Parent,41,ok,"Get clear, evidence-based sleep guidance for your baby. The Snooze Method helps tired parents reduce night wakes and extend naps. Join Snooze today.",148,ok,https://www.joinsnooze.com/login,N,https://kajabi-storefronts-production.kajabi-cdn.com/kajabi-storefronts-production/file-uploads/sites/2148291177/images/5a0acc0-1-35b-0af-fbf7748ab0a_Snooze_x_TSC_-_coral_web.png,,,,,,
newborn-baby-sleep-help,https://www.joinsnooze.com/newborn-baby-sleep-help,,,,200,Newborn Sleep Help: Is This Normal? Sleep Guide for 0-3 Month Babies,68,long,Is your newborn,15,short,https://www.joinsnooze.com/newborn-baby-sleep-help,N,https://kajabi-storefronts-production.kajabi-cdn.com/kajabi-storefronts-production/file-uploads/sites/2148291177/images/f468526-8226-36c2-df02-02c1a08582c_Untitled_design.jpg,,,,,,
newborn-sleep-guide,https://www.joinsnooze.com/newborn-sleep-guide,,,,200,Newborn Sleep Guide: The Fourth Trimester & Foundations | Snooze,64,long,A self-paced guide helping you understand your newborn,54,short,https://www.joinsnooze.com/newborn-sleep-guide,N,https://kajabi-storefronts-production.kajabi-cdn.com/kajabi-storefronts-production/file-uploads/sites/2148291177/images/b5c0ed1-c5fe-ec78-81a7-2f18ea33afea_Newborn_Guide_2_.jpg,,,,,,
newsletters/the-snooze-news,https://www.joinsnooze.com/newsletters/the-snooze-news,,,,200,The Snooze News,15,short,,0,missing,https://www.joinsnooze.com/newsletters/the-snooze-news,N,,,,,,,
offers/4HQjFJGC/checkout,https://www.joinsnooze.com/offers/4HQjFJGC/checkout,,,,200,Snooze | Sleep Help for the Modern Parent,41,ok,"Get clear, evidence-based sleep guidance for your baby. The Snooze Method helps tired parents reduce night wakes and extend naps. Join Snooze today.",148,ok,https://www.joinsnooze.com/offers/4HQjFJGC/checkout,N,https://kajabi-storefronts-production.kajabi-cdn.com/kajabi-storefronts-production/file-uploads/sites/2148291177/images/5a0acc0-1-35b-0af-fbf7748ab0a_Snooze_x_TSC_-_coral_web.png,,,,,,
offers/4zHPSRCs,https://www.joinsnooze.com/offers/4zHPSRCs,,,,200,Snooze | Sleep Help for the Modern Parent,41,ok,"Get clear, evidence-based sleep guidance for your baby. The Snooze Method helps tired parents reduce night wakes and extend naps. Join Snooze today.",148,ok,https://www.joinsnooze.com/offers/4zHPSRCs/checkout,N,https://kajabi-storefronts-production.kajabi-cdn.com/kajabi-storefronts-production/file-uploads/sites/2148291177/images/5a0acc0-1-35b-0af-fbf7748ab0a_Snooze_x_TSC_-_coral_web.png,,,,,,
offers/5xL3NaRf/checkout,https://www.joinsnooze.com/offers/5xL3NaRf/checkout,,,,200,Snooze | Sleep Help for the Modern Parent,41,ok,"Get clear, evidence-based sleep guidance for your baby. The Snooze Method helps tired parents reduce night wakes and extend naps. Join Snooze today.",148,ok,https://www.joinsnooze.com/login,N,https://kajabi-storefronts-production.kajabi-cdn.com/kajabi-storefronts-production/file-uploads/sites/2148291177/images/5a0acc0-1-35b-0af-fbf7748ab0a_Snooze_x_TSC_-_coral_web.png,,,,,,
offers/6iRarwak/checkout,https://www.joinsnooze.com/offers/6iRarwak/checkout,,,,200,Snooze | Sleep Help for the Modern Parent,41,ok,"Get clear, evidence-based sleep guidance for your baby. The Snooze Method helps tired parents reduce night wakes and extend naps. Join Snooze today.",148,ok,https://www.joinsnooze.com/login,N,https://kajabi-storefronts-production.kajabi-cdn.com/kajabi-storefronts-production/file-uploads/sites/2148291177/images/5a0acc0-1-35b-0af-fbf7748ab0a_Snooze_x_TSC_-_coral_web.png,,,,,,
offers/9DFJSwVD/checkout,https://www.joinsnooze.com/offers/9DFJSwVD/checkout,,,,200,Snooze | Sleep Help for the Modern Parent,41,ok,"Get clear, evidence-based sleep guidance for your baby. The Snooze Method helps tired parents reduce night wakes and extend naps. Join Snooze today.",148,ok,https://www.joinsnooze.com/offers/9DFJSwVD/checkout,N,https://kajabi-storefronts-production.kajabi-cdn.com/kajabi-storefronts-production/file-uploads/sites/2148291177/images/5a0acc0-1-35b-0af-fbf7748ab0a_Snooze_x_TSC_-_coral_web.png,,,,,,
offers/FktmJAvJ/checkout,https://www.joinsnooze.com/offers/FktmJAvJ/checkout,,,,200,Snooze | Sleep Help for the Modern Parent,41,ok,"Get clear, evidence-based sleep guidance for your baby. The Snooze Method helps tired parents reduce night wakes and extend naps. Join Snooze today.",148,ok,https://www.joinsnooze.com/offers/FktmJAvJ/checkout,N,https://kajabi-storefronts-production.kajabi-cdn.com/kajabi-storefronts-production/file-uploads/sites/2148291177/images/5a0acc0-1-35b-0af-fbf7748ab0a_Snooze_x_TSC_-_coral_web.png,,,,,,
offers/K3Y6FEKX/checkout,https://www.joinsnooze.com/offers/K3Y6FEKX/checkout,,,,200,Snooze | Sleep Help for the Modern Parent,41,ok,"Get clear, evidence-based sleep guidance for your baby. The Snooze Method helps tired parents reduce night wakes and extend naps. Join Snooze today.",148,ok,https://www.joinsnooze.com/offers/K3Y6FEKX/checkout,N,https://kajabi-storefronts-production.kajabi-cdn.com/kajabi-storefronts-production/file-uploads/sites/2148291177/images/5a0acc0-1-35b-0af-fbf7748ab0a_Snooze_x_TSC_-_coral_web.png,,,,,,
offers/W2PyqL2X/checkout,https://www.joinsnooze.com/offers/W2PyqL2X/checkout,,,,200,Snooze | Sleep Help for the Modern Parent,41,ok,"Get clear, evidence-based sleep guidance for your baby. The Snooze Method helps tired parents reduce night wakes and extend naps. Join Snooze today.",148,ok,https://www.joinsnooze.com/offers/W2PyqL2X/checkout,N,https://kajabi-storefronts-production.kajabi-cdn.com/kajabi-storefronts-production/file-uploads/sites/2148291177/images/5a0acc0-1-35b-0af-fbf7748ab0a_Snooze_x_TSC_-_coral_web.png,,,,,,
offers/igbTdRbk/checkout,https://www.joinsnooze.com/offers/igbTdRbk/checkout,,,,200,Snooze | Sleep Help for the Modern Parent,41,ok,"Get clear, evidence-based sleep guidance for your baby. The Snooze Method helps tired parents reduce night wakes and extend naps. Join Snooze today.",148,ok,https://www.joinsnooze.com/offers/igbTdRbk/checkout,N,https://kajabi-storefronts-production.kajabi-cdn.com/kajabi-storefronts-production/file-uploads/sites/2148291177/images/5a0acc0-1-35b-0af-fbf7748ab0a_Snooze_x_TSC_-_coral_web.png,,,,,,
offers/jRxWAnVo/checkout,https://www.joinsnooze.com/offers/jRxWAnVo/checkout,,,,200,Snooze | Sleep Help for the Modern Parent,41,ok,"Get clear, evidence-based sleep guidance for your baby. The Snooze Method helps tired parents reduce night wakes and extend naps. Join Snooze today.",148,ok,https://www.joinsnooze.com/offers/jRxWAnVo/checkout,N,https://kajabi-storefronts-production.kajabi-cdn.com/kajabi-storefronts-production/file-uploads/sites/2148291177/images/5a0acc0-1-35b-0af-fbf7748ab0a_Snooze_x_TSC_-_coral_web.png,,,,,,
offers/muRW6ug5,https://www.joinsnooze.com/offers/muRW6ug5,,,,200,Snooze | Sleep Help for the Modern Parent,41,ok,"Get clear, evidence-based sleep guidance for your baby. The Snooze Method helps tired parents reduce night wakes and extend naps. Join Snooze today.",148,ok,https://www.joinsnooze.com/login,N,https://kajabi-storefronts-production.kajabi-cdn.com/kajabi-storefronts-production/file-uploads/sites/2148291177/images/5a0acc0-1-35b-0af-fbf7748ab0a_Snooze_x_TSC_-_coral_web.png,,,,,,
offers/muRW6ug5/checkout,https://www.joinsnooze.com/offers/muRW6ug5/checkout,,,,200,Snooze | Sleep Help for the Modern Parent,41,ok,"Get clear, evidence-based sleep guidance for your baby. The Snooze Method helps tired parents reduce night wakes and extend naps. Join Snooze today.",148,ok,https://www.joinsnooze.com/login,N,https://kajabi-storefronts-production.kajabi-cdn.com/kajabi-storefronts-production/file-uploads/sites/2148291177/images/5a0acc0-1-35b-0af-fbf7748ab0a_Snooze_x_TSC_-_coral_web.png,,,,,,
offers/mwiSia6A/checkout,https://www.joinsnooze.com/offers/mwiSia6A/checkout,,,,200,Snooze | Sleep Help for the Modern Parent,41,ok,"Get clear, evidence-based sleep guidance for your baby. The Snooze Method helps tired parents reduce night wakes and extend naps. Join Snooze today.",148,ok,https://www.joinsnooze.com/offers/mwiSia6A/checkout,N,https://kajabi-storefronts-production.kajabi-cdn.com/kajabi-storefronts-production/file-uploads/sites/2148291177/images/5a0acc0-1-35b-0af-fbf7748ab0a_Snooze_x_TSC_-_coral_web.png,,,,,,
offers/omMcVgAi/checkout,https://www.joinsnooze.com/offers/omMcVgAi/checkout,,,,200,Snooze | Sleep Help for the Modern Parent,41,ok,"Get clear, evidence-based sleep guidance for your baby. The Snooze Method helps tired parents reduce night wakes and extend naps. Join Snooze today.",148,ok,https://www.joinsnooze.com/offers/omMcVgAi/checkout,N,https://kajabi-storefronts-production.kajabi-cdn.com/kajabi-storefronts-production/file-uploads/sites/2148291177/images/5a0acc0-1-35b-0af-fbf7748ab0a_Snooze_x_TSC_-_coral_web.png,,,,,,
offers/uxWnEfFg/checkout,https://www.joinsnooze.com/offers/uxWnEfFg/checkout,,,,200,Snooze | Sleep Help for the Modern Parent,41,ok,"Get clear, evidence-based sleep guidance for your baby. The Snooze Method helps tired parents reduce night wakes and extend naps. Join Snooze today.",148,ok,https://www.joinsnooze.com/offers/uxWnEfFg/checkout,N,https://kajabi-storefronts-production.kajabi-cdn.com/kajabi-storefronts-production/file-uploads/sites/2148291177/images/5a0acc0-1-35b-0af-fbf7748ab0a_Snooze_x_TSC_-_coral_web.png,,,,,,
offers/z63s9VaR,https://www.joinsnooze.com/offers/z63s9VaR,,,,200,Snooze | Sleep Help for the Modern Parent,41,ok,"Get clear, evidence-based sleep guidance for your baby. The Snooze Method helps tired parents reduce night wakes and extend naps. Join Snooze today.",148,ok,https://www.joinsnooze.com/offers/z63s9VaR/checkout,N,https://kajabi-storefronts-production.kajabi-cdn.com/kajabi-storefronts-production/file-uploads/sites/2148291177/images/5a0acc0-1-35b-0af-fbf7748ab0a_Snooze_x_TSC_-_coral_web.png,,,,,,
offers/zAybiDqh,https://www.joinsnooze.com/offers/zAybiDqh,,,,200,Snooze | Sleep Help for the Modern Parent,41,ok,"Get clear, evidence-based sleep guidance for your baby. The Snooze Method helps tired parents reduce night wakes and extend naps. Join Snooze today.",148,ok,https://www.joinsnooze.com/login,N,https://kajabi-storefronts-production.kajabi-cdn.com/kajabi-storefronts-production/file-uploads/sites/2148291177/images/5a0acc0-1-35b-0af-fbf7748ab0a_Snooze_x_TSC_-_coral_web.png,,,,,,
one-on-one-sleep-consultations,https://www.joinsnooze.com/one-on-one-sleep-consultations,,,,200,1:1 Sleep Help with Sally | Expert Sleep Support for Babies & Toddlers,70,long,"Work one-on-one with Sally, a Registered Paediatric Nurse and Certified Sleep Consultant, to create a tailored sleep plan for your baby or toddler. Virtual consultations available worldwide.",190,long,https://www.joinsnooze.com/one-on-one-sleep-consultations,N,https://kajabi-storefronts-production.kajabi-cdn.com/kajabi-storefronts-production/file-uploads/sites/2148291177/images/6b7e8b7-dfae-84ae-646c-4f722f1fcca_d1279c01-16a1-4f4c-87ba-70e1fe3588f0.jpg,,,,1:1 Baby Sleep Consultations with Sally | Snooze,"Work one-on-one with Sally, a certified sleep consultant and former paediatric nurse, on a tailored plan for your baby or toddler. Virtual worldwide.",
password/new,https://www.joinsnooze.com/password/new,,,,200,Snooze | Sleep Help for the Modern Parent,41,ok,"Get clear, evidence-based sleep guidance for your baby. The Snooze Method helps tired parents reduce night wakes and extend naps. Join Snooze today.",148,ok,https://www.joinsnooze.com/password/new,N,https://kajabi-storefronts-production.kajabi-cdn.com/kajabi-storefronts-production/file-uploads/sites/2148291177/images/5a0acc0-1-35b-0af-fbf7748ab0a_Snooze_x_TSC_-_coral_web.png,,,,,,
privacy,https://www.joinsnooze.com/privacy,,,,404,Not Found (404),15,short,,0,missing,https://www.joinsnooze.com/privacy,N,,,,,,,
privacy-policy,https://www.joinsnooze.com/privacy-policy,2156730062,website_pages,published,200,Privacy Policy | Snooze - Baby Sleep Support,44,ok,"Snooze Privacy Policy: Learn how we collect, use, and protect your personal information. GDPR and CCPA compliant. Contact privacy@sleepconcierge.com.au with questions.",167,long,https://www.joinsnooze.com/privacy-policy,N,https://kajabi-storefronts-production.kajabi-cdn.com/kajabi-storefronts-production/file-uploads/sites/2148291177/images/5a0acc0-1-35b-0af-fbf7748ab0a_Snooze_x_TSC_-_coral_web.png,social_image,0.0,0.0,,,
products/3-4-month-baby-sleep-course-by-the-sleep-concierge,https://www.joinsnooze.com/products/3-4-month-baby-sleep-course-by-the-sleep-concierge,,,,200,Snooze | Sleep Help for the Modern Parent,41,ok,"Get clear, evidence-based sleep guidance for your baby. The Snooze Method helps tired parents reduce night wakes and extend naps. Join Snooze today.",148,ok,https://www.joinsnooze.com/login,N,https://kajabi-storefronts-production.kajabi-cdn.com/kajabi-storefronts-production/file-uploads/sites/2148291177/images/5a0acc0-1-35b-0af-fbf7748ab0a_Snooze_x_TSC_-_coral_web.png,,,,,,
products/5-12-month-sleep-training-course,https://www.joinsnooze.com/products/5-12-month-sleep-training-course,,,,200,Snooze | Sleep Help for the Modern Parent,41,ok,"Get clear, evidence-based sleep guidance for your baby. The Snooze Method helps tired parents reduce night wakes and extend naps. Join Snooze today.",148,ok,https://www.joinsnooze.com/login,N,https://kajabi-storefronts-production.kajabi-cdn.com/kajabi-storefronts-production/file-uploads/sites/2148291177/images/5a0acc0-1-35b-0af-fbf7748ab0a_Snooze_x_TSC_-_coral_web.png,,,,,,
products/communities/v2/snooze,https://www.joinsnooze.com/products/communities/v2/snooze,,,,200,Snooze | Sleep Help for the Modern Parent,41,ok,"Get clear, evidence-based sleep guidance for your baby. The Snooze Method helps tired parents reduce night wakes and extend naps. Join Snooze today.",148,ok,https://www.joinsnooze.com/login,N,https://kajabi-storefronts-production.kajabi-cdn.com/kajabi-storefronts-production/file-uploads/sites/2148291177/images/5a0acc0-1-35b-0af-fbf7748ab0a_Snooze_x_TSC_-_coral_web.png,,,,,,
products/communities/v2/snooze/library,https://www.joinsnooze.com/products/communities/v2/snooze/library,,,,200,Snooze | Sleep Help for the Modern Parent,41,ok,"Get clear, evidence-based sleep guidance for your baby. The Snooze Method helps tired parents reduce night wakes and extend naps. Join Snooze today.",148,ok,https://www.joinsnooze.com/login,N,https://kajabi-storefronts-production.kajabi-cdn.com/kajabi-storefronts-production/file-uploads/sites/2148291177/images/5a0acc0-1-35b-0af-fbf7748ab0a_Snooze_x_TSC_-_coral_web.png,,,,,,
products/communities/v2/snooze/resource/9f86d81f-18f7-494e-bad0-60ead4a4fde0,https://www.joinsnooze.com/products/communities/v2/snooze/resource/9f86d81f-18f7-494e-bad0-60ead4a4fde0,,,,200,Snooze | Sleep Help for the Modern Parent,41,ok,"Get clear, evidence-based sleep guidance for your baby. The Snooze Method helps tired parents reduce night wakes and extend naps. Join Snooze today.",148,ok,https://www.joinsnooze.com/login,N,https://kajabi-storefronts-production.kajabi-cdn.com/kajabi-storefronts-production/file-uploads/sites/2148291177/images/5a0acc0-1-35b-0af-fbf7748ab0a_Snooze_x_TSC_-_coral_web.png,,,,,,
products/newborn-sleep-guide,https://www.joinsnooze.com/products/newborn-sleep-guide,,,,200,Snooze | Sleep Help for the Modern Parent,41,ok,"Get clear, evidence-based sleep guidance for your baby. The Snooze Method helps tired parents reduce night wakes and extend naps. Join Snooze today.",148,ok,https://www.joinsnooze.com/login,N,https://kajabi-storefronts-production.kajabi-cdn.com/kajabi-storefronts-production/file-uploads/sites/2148291177/images/5a0acc0-1-35b-0af-fbf7748ab0a_Snooze_x_TSC_-_coral_web.png,,,,,,
products/settling-techniques-module-from-snooze-by-the-sleep-concierge,https://www.joinsnooze.com/products/settling-techniques-module-from-snooze-by-the-sleep-concierge,,,,200,Snooze | Sleep Help for the Modern Parent,41,ok,"Get clear, evidence-based sleep guidance for your baby. The Snooze Method helps tired parents reduce night wakes and extend naps. Join Snooze today.",148,ok,https://www.joinsnooze.com/login,N,https://kajabi-storefronts-production.kajabi-cdn.com/kajabi-storefronts-production/file-uploads/sites/2148291177/images/5a0acc0-1-35b-0af-fbf7748ab0a_Snooze_x_TSC_-_coral_web.png,,,,,,
products/the-snooze-method,https://www.joinsnooze.com/products/the-snooze-method,,,,200,Snooze | Sleep Help for the Modern Parent,41,ok,"Get clear, evidence-based sleep guidance for your baby. The Snooze Method helps tired parents reduce night wakes and extend naps. Join Snooze today.",148,ok,https://www.joinsnooze.com/login,N,https://kajabi-storefronts-production.kajabi-cdn.com/kajabi-storefronts-production/file-uploads/sites/2148291177/images/5a0acc0-1-35b-0af-fbf7748ab0a_Snooze_x_TSC_-_coral_web.png,,,,,,
products/the-snooze-method-5-12-month-sleep,https://www.joinsnooze.com/products/the-snooze-method-5-12-month-sleep,,,,200,Snooze | Sleep Help for the Modern Parent,41,ok,"Get clear, evidence-based sleep guidance for your baby. The Snooze Method helps tired parents reduce night wakes and extend naps. Join Snooze today.",148,ok,https://www.joinsnooze.com/login,N,https://kajabi-storefronts-production.kajabi-cdn.com/kajabi-storefronts-production/file-uploads/sites/2148291177/images/5a0acc0-1-35b-0af-fbf7748ab0a_Snooze_x_TSC_-_coral_web.png,,,,,,
products/toddler-toolkit,https://www.joinsnooze.com/products/toddler-toolkit,,,,200,Snooze | Sleep Help for the Modern Parent,41,ok,"Get clear, evidence-based sleep guidance for your baby. The Snooze Method helps tired parents reduce night wakes and extend naps. Join Snooze today.",148,ok,https://www.joinsnooze.com/login,N,https://kajabi-storefronts-production.kajabi-cdn.com/kajabi-storefronts-production/file-uploads/sites/2148291177/images/5a0acc0-1-35b-0af-fbf7748ab0a_Snooze_x_TSC_-_coral_web.png,,,,,,
recommended-products,https://www.joinsnooze.com/recommended-products,,,,200,Recommended Baby Sleep Products | The Sleep Concierge,53,ok,Here are my recommended baby sleep products to give your baby the best environment to get a good night,102,short,https://www.joinsnooze.com/recommended-products,N,https://kajabi-storefronts-production.kajabi-cdn.com/kajabi-storefronts-production/file-uploads/sites/2148291177/images/db1581-4d55-d445-026b-8cfbb5437cf_glowdreaming.jpg,,,,,,
sleep-glossary,https://www.joinsnooze.com/sleep-glossary,,,,404,Not Found (404),15,short,,0,missing,https://www.joinsnooze.com/sleep-glossary,N,,,,,,,
snooze,https://www.joinsnooze.com/snooze,,,,404,Not Found (404),15,short,,0,missing,https://www.joinsnooze.com/snooze,N,,,,,,,
snooze-library,https://www.joinsnooze.com/snooze-library,2156716053,website_pages,published,200,Snooze | Sleep Help for the Modern Parent,41,ok,"Get clear, evidence-based sleep guidance for your baby. The Snooze Method helps tired parents reduce night wakes and extend naps. Join Snooze today.",148,ok,https://www.joinsnooze.com/login,N,https://kajabi-storefronts-production.kajabi-cdn.com/kajabi-storefronts-production/file-uploads/sites/2148291177/images/5a0acc0-1-35b-0af-fbf7748ab0a_Snooze_x_TSC_-_coral_web.png,seo_description;social_image,0.0,0.0,,,
snooze-method,https://www.joinsnooze.com/snooze-method,,,,404,Not Found (404),15,short,,0,missing,https://www.joinsnooze.com/snooze-method,N,,,,,,,
snooze-social-terms-and-conditions,https://www.joinsnooze.com/snooze-social-terms-and-conditions,,,,200,Snooze Social Membership Terms and Conditions | The Sleep Concierge,67,long,"Read the terms and conditions for joining the Snooze Social membership by The Sleep Concierge. Learn about the services, payment, refunds, intellectual property, and limitation of liability. By signing up, you agree to these terms.",231,long,https://www.joinsnooze.com/snooze-social-terms-and-conditions,N,https://kajabi-storefronts-production.kajabi-cdn.com/kajabi-storefronts-production/file-uploads/sites/2148291177/images/52765d-5601-a-c8e6-dd3c45e046_fac415cd-9911-4dee-9b8f-60b83fa7b9f6.png,,,,,,
snooze-village,https://www.joinsnooze.com/snooze-village,,,,404,Not Found (404),15,short,,0,missing,https://www.joinsnooze.com/snooze-village,N,,,,,,,
store,https://www.joinsnooze.com/store,,,,200,Snooze | Sleep Help for the Modern Parent,41,ok,"Get clear, evidence-based sleep guidance for your baby. The Snooze Method helps tired parents reduce night wakes and extend naps. Join Snooze today.",148,ok,https://www.joinsnooze.com/store,N,https://kajabi-storefronts-production.kajabi-cdn.com/kajabi-storefronts-production/file-uploads/sites/2148291177/images/5a0acc0-1-35b-0af-fbf7748ab0a_Snooze_x_TSC_-_coral_web.png,,,,,,
terms-conditions,https://www.joinsnooze.com/terms-conditions,2155414022,website_pages,published,200,Snooze Terms and Conditions,27,short,Read Snooze,11,short,https://www.joinsnooze.com/terms-conditions,N,https://kajabi-storefronts-production.kajabi-cdn.com/kajabi-storefronts-production/file-uploads/sites/2148291177/images/5a0acc0-1-35b-0af-fbf7748ab0a_Snooze_x_TSC_-_coral_web.png,social_image,0.0,0.0,,,
thankyou/lmcr08-access,https://www.joinsnooze.com/thankyou/lmcr08-access,2151828177,landing_pages,published,200,3-4 Month Feeds - Thank You,27,short,,0,missing,https://www.joinsnooze.com/thankyou/lmcr08-access,N,,seo_description;social_image,0.0,0.0,,,
toddler-sleep-help,https://www.joinsnooze.com/toddler-sleep-help,,,,200,Toddler Sleep Help: Bedtime Battles & Nap Refusal Solutions,59,ok,"Tired of bedtime battles and nap refusal? Get expert toddler sleep help for 12+ months. Learn how to handle big feelings at bedtime, manage nap transitions, and fix early rising with calm, consistent strategies.",211,long,https://www.joinsnooze.com/toddler-sleep-help,N,https://kajabi-storefronts-production.kajabi-cdn.com/kajabi-storefronts-production/file-uploads/sites/2148291177/images/7b1aeb-da0e-bab4-d22f-b43fbe5f170_TSC_-_Age_Ranges_Social_Images_4_.jpg,,,,,,
toddler-toolkit,https://www.joinsnooze.com/toddler-toolkit,,,,200,Toddler Toolkit: Complete Sleep Course for 12+ Months | Snooze,62,long,"A self-paced course helping you navigate toddler sleep challenges, from boundary-setting and bedtime battles to early waking and the transition to one nap, designed for little ones 12 months and beyond.",202,long,https://www.joinsnooze.com/toddler-toolkit,N,https://kajabi-storefronts-production.kajabi-cdn.com/kajabi-storefronts-production/file-uploads/sites/2148291177/images/a5d7db4-822a-b35c-585-a06320856e16_Toddler_Resources.jpg,,,,,,
